Date,close
2025-07-18,5023.0
2025-07-17,4803.0
2025-07-16,5185.0
2025-07-15,5157.0
2025-07-14,5316.0
2025-07-11,5239.0
2025-07-10,5248.0
2025-07-09,5488.0
2025-07-08,5338.0
2025-07-07,5383.0
2025-07-04,5456.0
2025-07-03,5398.0
2025-07-02,5476.0
2025-07-01,5733.0
2025-06-30,6145.0
2025-06-27,6186.0
2025-06-26,6231.0
2025-06-25,6029.0
2025-06-24,6070.0
2025-06-23,6012.0
2025-06-20,5798.0
2025-06-19,5947.0
2025-06-18,6226.0
2025-06-17,6428.0
2025-06-16,6540.0
2025-06-13,6432.0
2025-06-12,6601.0
2025-06-11,6523.0
2025-06-10,6601.0
2025-06-09,6815.0
2025-06-06,6837.0
2025-06-05,6612.0
2025-06-04,6547.0
2025-06-03,6474.0
2025-06-02,6323.0
2025-05-30,6541.0
2025-05-29,6201.0
2025-05-28,6506.0
2025-05-27,6562.0
2025-05-26,
2025-05-23,6644.0
2025-05-22,7099.0
2025-05-21,7453.0
2025-05-20,7640.0
2025-05-19,7652.0
2025-05-16,7726.0
2025-05-15,7341.0
2025-05-14,7087.0
2025-05-13,7309.0
2025-05-12,6753.0
2025-05-09,6671.0
2025-05-08,6662.0
2025-05-07,6955.0
2025-05-06,6556.0
2025-05-05,
2025-05-02,6334.0
2025-05-01,6360.0
2025-04-30,6474.0
2025-04-29,6314.0
2025-04-28,6287.0
2025-04-25,6487.0
2025-04-24,6383.0
2025-04-23,6324.0
2025-04-22,6458.0
2025-04-21,
2025-04-17,6083.0
2025-04-16,5842.0
2025-04-15,5790.0
2025-04-14,5973.0
2025-04-11,6210.0
2025-04-10,5989.0
2025-04-09,6099.0
2025-04-08,5743.0
2025-04-07,5970.0
2025-04-04,6342.0
2025-04-03,6652.0
2025-04-02,6770.0
2025-04-01,6301.0
2025-03-31,6198.0
2025-03-28,6259.0
2025-03-27,6165.0
2025-03-26,6256.0
2025-03-25,6187.0
2025-03-24,6315.0
2025-03-21,6072.0
2025-03-20,6234.0
2025-03-19,6234.0
2025-03-18,6172.0
2025-03-17,6098.0
2025-03-14,6230.0
2025-03-13,6431.0
2025-03-12,6387.0
2025-03-11,6283.0
2025-03-10,6397.0
2025-03-07,6400.0
2025-03-06,6301.0
2025-03-05,6225.0
2025-03-04,6452.0
2025-03-03,6426.0
2025-02-28,7195.0
2025-02-27,7383.0
2025-02-26,7357.0
2025-02-25,7042.0
2025-02-24,6748.0
2025-02-21,7314.0
2025-02-20,7919.0
2025-02-19,8067.0
2025-02-18,8041.0
2025-02-17,8064.0
2025-02-14,8016.0
2025-02-13,8172.0
2025-02-12,8008.0
2025-02-11,8063.0
2025-02-10,7802.0
2025-02-07,7919.0
2025-02-06,8011.0
2025-02-05,8267.0
2025-02-04,8582.0
2025-02-03,8665.0
2025-01-31,8611.0
2025-01-30,8829.0
2025-01-29,9196.0
2025-01-28,9044.0
2025-01-27,9055.0
2025-01-24,9186.0
2025-01-23,9183.0
2025-01-22,9347.0
2025-01-21,9240.0
2025-01-20,9004.0
2025-01-17,8955.0
2025-01-16,8529.0
2025-01-15,8746.0
2025-01-14,8857.0
2025-01-13,8847.0
2025-01-10,8580.0
2025-01-09,8804.0
2025-01-08,8515.0
2025-01-07,9009.0
2025-01-06,9030.0
2025-01-03,9020.0
2025-01-02,8974.0
2024-12-31,9143.0
2024-12-30,9114.0
2024-12-27,8117.0
2024-12-26,
2024-12-24,9134.0
2024-12-23,9372.0
2024-12-20,9492.0
2024-12-19,9665.0
2024-12-18,9926.0
2024-12-17,9266.0
2024-12-16,9353.0
2024-12-13,8926.0
2024-12-12,8264.0
2024-12-11,8266.0
2024-12-10,8454.0
2024-12-09,8363.0
2024-12-06,8156.0
2024-12-05,7992.0
2024-12-04,7592.0
2024-12-03,7376.0
2024-12-02,7992.0
2024-11-29,7933.0
2024-11-28,7841.0
2024-11-27,7668.0
2024-11-26,7831.0
2024-11-25,7661.0
2024-11-22,7756.0
2024-11-21,7343.0
2024-11-20,7206.0
2024-11-19,7235.0
2024-11-18,6991.0
2024-11-15,7106.0
2024-11-14,7017.0
2024-11-13,6505.0
2024-11-12,6245.0
2024-11-11,5935.0
2024-11-08,5825.0
2024-11-07,5826.0
2024-11-06,5497.0
2024-11-05,5673.0
2024-11-04,5791.0
2024-11-01,5871.0
2024-10-31,5846.0
2024-10-30,5859.0
2024-10-29,5795.0
2024-10-28,5456.0
2024-10-25,5232.0
2024-10-24,5175.0
2024-10-23,5380.0
2024-10-22,5448.0
2024-10-21,5602.0
2024-10-18,5577.0
2024-10-17,5820.0
2024-10-16,5749.0
2024-10-15,5791.0
2024-10-14,5642.0
2024-10-11,5643.0
2024-10-10,5521.0
2024-10-09,5375.0
2024-10-08,5121.0
2024-10-07,5032.0
2024-10-04,5108.0
2024-10-03,5056.0
2024-10-02,4958.0
2024-10-01,5106.0
2024-09-30,5241.0
2024-09-27,5537.0
2024-09-26,5325.0
2024-09-25,5304.0
2024-09-24,5187.0
2024-09-23,5268.0
2024-09-20,5268.0
2024-09-19,5306.0
2024-09-18,5395.0
2024-09-17,5280.0
2024-09-16,5396.0
2024-09-13,5538.0
2024-09-12,5362.0
2024-09-11,5391.0
2024-09-10,5133.0
2024-09-09,5444.0
2024-09-06,5225.0
2024-09-05,5168.0
2024-09-04,4879.0
2024-09-03,5084.0
2024-09-02,5597.0
2024-08-30,5586.0
2024-08-29,5575.0
2024-08-28,5667.0
2024-08-27,5733.0
2024-08-26,
2024-08-23,6280.0
2024-08-22,6342.0
2024-08-21,6342.0
2024-08-20,6433.0
2024-08-19,6372.0
2024-08-16,6349.0
2024-08-15,6332.0
2024-08-14,6426.0
2024-08-13,6484.0
2024-08-12,6474.0
2024-08-09,6693.0
2024-08-08,6347.0
2024-08-07,6593.0
2024-08-06,6492.0
2024-08-05,6284.0
2024-08-02,6024.0
2024-08-01,6004.0
2024-07-31,6427.0
2024-07-30,6548.0
2024-07-29,6328.0
2024-07-26,6515.0
2024-07-25,6395.0
2024-07-24,6677.0
2024-07-23,6806.0
2024-07-22,6842.0
2024-07-19,6338.0
2024-07-18,6623.0
2024-07-17,6320.0
2024-07-16,7488.0
2024-07-15,8214.0
2024-07-12,7345.0
2024-07-11,7598.0
2024-07-10,7367.0
2024-07-09,7461.0
2024-07-08,7129.0
2024-07-05,7360.0
2024-07-04,7230.0
2024-07-03,7696.0
2024-07-02,7705.0
2024-07-01,7395.0
2024-06-28,7525.0
2024-06-27,7160.0
2024-06-26,7814.0
2024-06-25,7811.0
2024-06-24,7673.0
2024-06-21,8311.0
2024-06-20,8215.0
2024-06-19,8516.0
2024-06-18,8484.0
2024-06-17,8419.0
2024-06-14,8837.0
2024-06-13,9035.0
2024-06-12,8659.0
2024-06-11,8113.0
2024-06-10,7935.0
2024-06-07,7989.0
2024-06-06,7859.0
2024-06-05,7598.0
2024-06-04,7639.0
2024-06-03,7664.0
2024-05-31,7444.0
2024-05-30,7420.0
2024-05-29,7544.0
2024-05-28,7080.0
2024-05-27,
2024-05-24,6819.0
2024-05-23,6652.0
2024-05-22,6243.0
2024-05-21,6111.0
2024-05-20,5988.0
2024-05-17,6121.0
2024-05-16,6229.0
2024-05-15,6294.0
2024-05-14,6015.0
2024-05-13,5862.0
2024-05-10,7556.0
2024-05-09,7691.0
2024-05-08,7929.0
2024-05-07,7999.0
2024-05-06,
2024-05-03,7463.0
2024-05-02,7144.0
2024-05-01,7808.0
2024-04-30,8520.0
2024-04-29,8195.0
2024-04-26,9444.0
2024-04-25,9617.0
2024-04-24,9791.0
2024-04-23,9455.0
2024-04-22,9937.0
2024-04-19,10137.0
2024-04-18,9680.0
2024-04-17,8841.0
2024-04-16,8646.0
2024-04-15,9177.0
2024-04-12,8986.0
2024-04-11,8570.0
2024-04-10,8448.0
2024-04-09,8235.0
2024-04-08,8199.0
2024-04-05,7996.0
2024-04-04,7737.0
2024-04-03,7867.0
2024-04-02,8384.0
2024-04-01,
2024-03-28,8276.0
2024-03-27,8208.0
2024-03-26,8211.0
2024-03-25,8193.0
2024-03-22,7461.0
2024-03-21,7138.0
2024-03-20,6937.0
2024-03-19,6691.0
2024-03-18,6804.0
2024-03-15,6542.0
2024-03-14,6137.0
2024-03-13,6088.0
2024-03-12,6169.0
2024-03-11,5947.0
2024-03-08,5549.0
2024-03-07,5665.0
2024-03-06,5771.0
2024-03-05,5790.0
2024-03-04,5867.0
2024-03-01,5620.0
2024-02-29,5566.0
2024-02-28,5446.0
2024-02-27,5827.0
2024-02-26,5792.0
2024-02-23,5576.0
2024-02-22,5258.0
2024-02-21,5092.0
2024-02-20,4855.0
2024-02-19,4716.0
2024-02-16,4629.0
2024-02-15,4818.0
2024-02-14,4823.0
2024-02-13,4852.0
2024-02-12,4769.0
2024-02-09,4757.0
2024-02-08,4660.0
2024-02-07,4344.0
2024-02-06,4242.0
2024-02-05,4183.0
2024-02-02,4040.0
2024-02-01,3975.0
2024-01-31,3883.0
2024-01-30,3868.0
2024-01-29,3794.0
2024-01-26,3749.0
2024-01-25,3722.0
2024-01-24,3793.0
2024-01-23,3729.0
2024-01-22,3744.0
2024-01-19,3776.0
2024-01-18,3712.0
2024-01-17,3729.0
2024-01-16,3717.0
2024-01-15,3627.0
2024-01-12,3606.0
2024-01-11,3567.0
2024-01-10,3496.0
2024-01-09,3443.0
2024-01-08,3381.0
2024-01-05,3494.0
2024-01-04,3554.0
2024-01-03,3553.0
2024-01-02,3573.0
2023-12-29,3506.0
2023-12-28,3549.0
2023-12-27,3540.0
2023-12-26,
2023-12-22,3557.0
2023-12-21,3570.0
2023-12-20,3574.0
2023-12-19,3548.0
2023-12-18,3563.0
2023-12-15,3549.0
2023-12-14,3547.0
2023-12-13,3564.0
2023-12-12,3492.0
2023-12-11,3482.0
2023-12-08,3572.0
2023-12-07,3568.0
2023-12-06,3435.0
2023-12-05,3441.0
2023-12-04,3485.0
2023-12-01,3501.0
2023-11-30,3580.0
2023-11-29,3582.0
2023-11-28,3554.0
2023-11-27,3516.0
2023-11-24,3489.0
2023-11-23,3497.0
2023-11-22,3487.0
2023-11-21,3502.0
2023-11-20,3482.0
2023-11-17,3579.0
2023-11-16,3555.0
2023-11-15,3510.0
2023-11-14,3491.0
2023-11-13,3569.0
2023-11-10,3531.0
2023-11-09,3484.0
2023-11-08,3411.0
2023-11-07,3387.0
2023-11-06,3378.0
2023-11-03,3382.0
2023-11-02,3385.0
2023-11-01,3345.0
2023-10-31,3381.0
2023-10-30,3393.0
2023-10-27,3391.0
2023-10-26,3368.0
2023-10-25,3310.0
2023-10-24,3285.0
2023-10-23,3321.0
2023-10-20,3269.0
2023-10-19,3220.0
2023-10-18,3183.0
2023-10-17,3189.0
2023-10-16,3171.0
2023-10-13,3101.0
2023-10-12,3064.0
2023-10-11,2965.0
2023-10-10,2998.0
2023-10-09,2970.0
2023-10-06,2985.0
2023-10-05,2940.0
2023-10-04,2965.0
2023-10-03,2978.0
2023-10-02,3032.0
2023-09-29,2949.0
2023-09-28,2978.0
2023-09-27,2953.0
2023-09-26,3001.0
2023-09-25,2979.0
2023-09-22,3022.0
2023-09-21,3001.0
2023-09-20,2986.0
2023-09-19,3052.0
2023-09-18,3031.0
2023-09-15,3121.0
2023-09-14,3102.0
2023-09-13,3064.0
2023-09-12,3013.0
2023-09-11,3017.0
2023-09-08,3033.0
2023-09-07,2961.0
2023-09-06,2964.0
2023-09-05,2938.0
2023-09-04,2884.0
2023-09-01,2906.0
2023-08-31,2944.0
2023-08-30,2913.0
2023-08-29,2870.0
2023-08-28,
2023-08-25,2782.0
2023-08-24,2731.0
2023-08-23,2702.0
2023-08-22,2698.0
2023-08-21,2697.0
2023-08-18,2698.0
2023-08-17,2722.0
2023-08-16,2697.0
2023-08-15,2691.0
2023-08-14,2666.0
2023-08-11,2629.0
2023-08-10,2614.0
2023-08-09,2619.0
2023-08-08,2621.0
2023-08-07,2668.0
2023-08-04,2654.0
2023-08-03,2653.0
2023-08-02,2700.0
2023-08-01,2703.0
2023-07-31,2698.0
2023-07-28,2686.0
2023-07-27,2682.0
2023-07-26,2668.0
2023-07-25,2625.0
2023-07-24,2582.0
2023-07-21,2577.0
2023-07-20,2563.0
2023-07-19,2584.0
2023-07-18,2532.0
2023-07-17,2514.0
2023-07-14,2457.0
2023-07-13,2458.0
2023-07-12,2624.0
2023-07-11,2692.0
2023-07-10,2774.0
2023-07-07,2812.0
2023-07-06,2812.0
2023-07-05,2827.0
2023-07-04,2818.0
2023-07-03,2858.0
2023-06-30,2722.0
2023-06-29,2642.0
2023-06-28,2667.0
2023-06-27,2626.0
2023-06-26,2612.0
2023-06-23,2560.0
2023-06-22,2560.0
2023-06-21,2566.0
2023-06-20,2551.0
2023-06-19,2575.0
2023-06-16,2571.0
2023-06-15,2605.0
2023-06-14,2532.0
2023-06-13,2495.0
2023-06-12,2441.0
2023-06-09,2462.0
2023-06-08,2414.0
2023-06-07,2391.0
2023-06-06,2357.0
2023-06-05,2361.0
2023-06-02,2341.0
2023-06-01,2340.0
2023-05-31,2346.0
2023-05-30,2350.0
2023-05-29,
2023-05-26,2360.0
2023-05-25,2366.0
2023-05-24,2355.0
2023-05-23,2358.0
2023-05-22,2372.0
2023-05-19,2398.0
2023-05-18,2332.0
2023-05-17,2303.0
2023-05-16,2293.0
2023-05-15,2311.0
2023-05-12,2413.0
2023-05-11,2250.0
2023-05-10,2241.0
2023-05-09,2230.0
2023-05-08,
2023-05-05,2201.0
2023-05-04,2191.0
2023-05-03,2171.0
2023-05-02,2193.0
2023-05-01,
2023-04-28,2205.0
2023-04-27,2218.0
2023-04-26,2227.0
2023-04-25,2228.0
2023-04-24,2254.0
2023-04-21,2280.0
2023-04-20,2259.0
2023-04-19,2270.0
2023-04-18,2269.0
2023-04-17,2243.0
2023-04-14,2203.0
2023-04-13,2191.0
2023-04-12,2164.0
2023-04-11,2194.0
2023-04-10,
2023-04-06,2186.0
2023-04-05,2169.0
2023-04-04,2138.0
2023-04-03,2121.0
2023-03-31,2159.0
2023-03-30,2130.0
2023-03-29,2121.0
2023-03-28,2141.0
2023-03-27,2142.0
2023-03-24,2136.0
2023-03-23,2120.0
2023-03-22,2146.0
2023-03-21,2125.0
2023-03-20,2102.0
2023-03-17,2102.0
2023-03-16,2038.0
2023-03-15,2045.0
2023-03-14,2050.0
2023-03-13,2017.0
2023-03-10,2050.0
2023-03-09,2087.0
2023-03-08,2097.0
2023-03-07,2104.0
2023-03-06,2104.0
2023-03-03,2089.0
2023-03-02,2117.0
2023-03-01,2139.0
2023-02-28,2102.0
2023-02-27,2096.0
2023-02-24,2093.0
2023-02-23,2096.0
2023-02-22,2101.0
2023-02-21,2095.0
2023-02-20,2123.0
2023-02-17,2099.0
2023-02-16,2092.0
2023-02-15,2086.0
2023-02-14,2031.0
2023-02-13,2028.0
2023-02-10,1994.0
2023-02-09,1989.0
2023-02-08,2025.0
2023-02-07,2032.0
2023-02-06,2018.0
2023-02-03,1999.0
2023-02-02,2012.0
2023-02-01,2024.0
2023-01-31,2025.0
2023-01-30,2038.0
2023-01-27,2035.0
2023-01-26,2033.0
2023-01-25,2004.0
2023-01-24,1994.0
2023-01-23,2003.0
2023-01-20,1978.0
2023-01-19,1982.0
2023-01-18,2026.0
2023-01-17,2055.0
2023-01-16,2056.0
2023-01-13,2069.0
2023-01-12,2052.0
2023-01-11,2056.0
2023-01-10,2030.0
2023-01-09,2066.0
2023-01-06,2047.0
2023-01-05,2070.0
2023-01-04,2046.0
2023-01-03,2047.0
2023-01-02,
2022-12-30,2062.0
2022-12-29,2044.0
2022-12-28,2073.0
2022-12-27,
2022-12-23,2065.0
2022-12-22,2050.0
2022-12-21,2008.0
2022-12-20,1988.0
2022-12-19,1975.0
2022-12-16,1966.0
2022-12-15,1975.0
2022-12-14,1950.0
2022-12-13,2098.0
2022-12-12,2108.0
2022-12-09,2119.0
2022-12-08,2142.0
2022-12-07,2130.0
2022-12-06,2117.0
2022-12-05,2120.0
2022-12-02,2144.0
2022-12-01,2149.0
2022-11-30,2139.0
2022-11-29,2132.0
2022-11-28,2116.0
2022-11-25,2088.0
2022-11-24,2031.0
2022-11-23,2018.0
2022-11-22,2027.0
2022-11-21,2050.0
2022-11-18,2016.0
2022-11-17,2002.0
2022-11-16,2008.0
2022-11-15,1998.0
2022-11-14,2003.0
2022-11-11,2013.0
2022-11-10,2069.0
2022-11-09,2098.0
2022-11-08,2050.0
2022-11-07,2049.0
2022-11-04,2040.0
2022-11-03,1991.0
2022-11-02,1956.0
2022-11-01,1929.0
2022-10-31,1919.0
2022-10-28,1894.0
2022-10-27,1909.0
2022-10-26,1897.0
2022-10-25,1928.0
2022-10-24,1977.0
2022-10-21,1954.0
2022-10-20,1949.0
2022-10-19,1933.0
2022-10-18,1921.0
2022-10-17,1931.0
2022-10-14,1981.0
2022-10-13,1966.0
2022-10-12,1950.0
2022-10-11,1971.0
2022-10-10,1992.0
2022-10-07,2008.0
2022-10-06,1965.0
2022-10-05,1963.0
2022-10-04,1922.0
2022-10-03,1915.0
2022-09-30,1940.0
2022-09-29,1941.0
2022-09-28,1932.0
2022-09-27,1924.0
2022-09-26,1897.0
2022-09-23,1857.0
2022-09-22,1861.0
2022-09-21,1881.0
2022-09-20,1877.0
2022-09-19,
2022-09-16,1879.0
2022-09-15,1779.0
2022-09-14,1760.0
2022-09-13,1782.0
2022-09-12,1747.0
2022-09-09,1765.0
2022-09-08,1784.0
2022-09-07,1802.0
2022-09-06,1798.0
2022-09-05,1803.0
2022-09-02,1804.0
2022-09-01,1787.0
2022-08-31,1800.0
2022-08-30,1795.0
2022-08-29,
2022-08-26,1779.0
2022-08-25,1772.0
2022-08-24,1766.0
2022-08-23,1724.0
2022-08-22,1753.0
2022-08-19,1759.0
2022-08-18,1765.0
2022-08-17,1761.0
2022-08-16,1728.0
2022-08-15,1752.0
2022-08-12,1747.0
2022-08-11,1761.0
2022-08-10,1757.0
2022-08-09,1754.0
2022-08-08,1736.0
2022-08-05,1726.0
2022-08-04,1738.0
2022-08-03,1705.0
2022-08-02,1734.0
2022-08-01,1711.0
2022-07-29,1704.0
2022-07-28,1704.0
2022-07-27,1742.0
2022-07-26,1768.0
2022-07-25,1742.0
2022-07-22,1699.0
2022-07-21,1714.0
2022-07-20,1747.0
2022-07-19,1734.0
2022-07-18,1714.0
2022-07-15,1720.0
2022-07-14,1688.0
2022-07-13,1696.0
2022-07-12,1734.0
2022-07-11,1733.0
2022-07-08,1701.0
2022-07-07,1724.0
2022-07-06,1739.0
2022-07-05,1704.0
2022-07-04,1693.0
2022-07-01,1698.0
2022-06-30,1696.0
2022-06-29,1708.0
2022-06-28,1727.0
2022-06-27,1732.0
2022-06-24,1754.0
2022-06-23,1748.0
2022-06-22,1750.0
2022-06-21,1753.0
2022-06-20,1734.0
2022-06-17,1724.0
2022-06-16,1690.0
2022-06-15,1716.0
2022-06-14,1716.0
2022-06-13,1707.0
2022-06-10,1749.0
2022-06-09,1753.0
2022-06-08,1745.0
2022-06-07,1748.0
2022-06-06,1755.0
2022-06-03,
2022-06-02,
2022-06-01,1774.0
2022-05-31,1744.0
2022-05-30,1756.0
2022-05-27,1716.0
2022-05-26,1719.0
2022-05-25,1705.0
2022-05-24,1732.0
2022-05-23,1728.0
2022-05-20,1719.0
2022-05-19,1743.0
2022-05-18,1769.0
2022-05-17,1776.0
2022-05-16,1691.0
2022-05-13,1679.0
2022-05-12,1634.0
2022-05-11,1691.0
2022-05-10,1668.0
2022-05-09,1690.0
2022-05-06,1708.0
2022-05-05,1711.0
2022-05-04,1739.0
2022-05-03,1774.0
2022-05-02,
2022-04-29,1751.0
2022-04-28,1760.0
2022-04-27,1738.0
2022-04-26,1737.0
2022-04-25,1716.0
2022-04-22,1738.0
2022-04-21,1757.0
2022-04-20,1756.0
2022-04-19,1738.0
2022-04-18,
2022-04-14,1770.0
2022-04-13,1762.0
2022-04-12,1773.0
2022-04-11,1796.0
2022-04-08,1804.0
2022-04-07,1769.0
2022-04-06,1738.0
2022-04-05,1719.0
2022-04-04,1736.0
2022-04-01,1749.0
2022-03-31,1769.0
2022-03-30,1772.0
2022-03-29,1771.0
2022-03-28,1749.0
2022-03-25,1723.0
2022-03-24,1739.0
2022-03-23,1756.0
2022-03-22,1722.0
2022-03-21,1687.0
2022-03-18,1713.0
2022-03-17,1693.0
2022-03-16,1719.0
2022-03-15,1714.0
2022-03-14,1782.0
2022-03-11,1782.0
2022-03-10,1778.0
2022-03-09,1740.0
2022-03-08,1737.0
2022-03-07,1710.0
2022-03-04,1694.0
2022-03-03,1653.0
2022-03-02,1650.0
2022-03-01,1648.0
2022-02-28,1642.0
2022-02-25,1674.0
2022-02-24,1684.0
2022-02-23,1709.0
2022-02-22,1683.0
2022-02-21,1665.0
2022-02-18,1690.0
2022-02-17,1696.0
2022-02-16,1718.0
2022-02-15,1757.0
2022-02-14,1757.0
2022-02-11,1798.0
2022-02-10,1807.0
2022-02-09,1795.0
2022-02-08,1759.0
2022-02-07,1746.0
2022-02-04,1768.0
2022-02-03,1754.0
2022-02-02,1749.0
2022-02-01,1745.0
2022-01-31,1703.0
2022-01-28,1696.0
2022-01-27,1680.0
2022-01-26,1703.0
2022-01-25,1691.0
2022-01-24,1698.0
2022-01-21,1737.0
2022-01-20,1758.0
2022-01-19,1764.0
2022-01-18,1769.0
2022-01-17,1779.0
2022-01-14,1773.0
2022-01-13,1733.0
2022-01-12,1707.0
2022-01-11,1718.0
2022-01-10,1698.0
2022-01-07,1705.0
2022-01-06,1653.0
2022-01-05,1676.0
2022-01-04,1668.0
2022-01-03,
2021-12-31,1701.0
2021-12-30,1710.0
2021-12-29,1699.0
2021-12-28,1681.0
2021-12-27,
2021-12-24,1680.0
2021-12-23,1680.0
2021-12-22,1682.0
2021-12-21,1690.0
2021-12-20,1669.0
2021-12-17,1704.0
2021-12-16,1717.0
2021-12-15,1720.0
2021-12-14,1610.0
2021-12-13,1571.0
2021-12-10,1511.0
2021-12-09,1547.0
2021-12-08,1566.0
2021-12-07,1611.0
2021-12-06,1562.0
2021-12-03,1601.0
2021-12-02,1605.0
2021-12-01,1580.0
2021-11-30,1598.0
2021-11-29,1617.0
2021-11-26,1626.0
2021-11-25,1681.0
2021-11-24,1681.0
2021-11-23,1713.0
2021-11-22,1702.0
2021-11-19,1685.0
2021-11-18,1688.0
2021-11-17,1673.0
2021-11-16,1669.0
2021-11-15,1680.0
2021-11-12,1674.0
2021-11-11,1690.0
2021-11-10,1678.0
2021-11-09,1643.0
2021-11-08,1640.0
2021-11-05,1655.0
2021-11-04,1666.0
2021-11-03,1658.0
2021-11-02,1657.0
2021-11-01,1686.0
2021-10-29,1694.0
2021-10-28,1719.0
2021-10-27,1733.0
2021-10-26,1748.0
2021-10-25,1755.0
2021-10-22,1754.0
2021-10-21,1753.0
2021-10-20,1742.0
2021-10-19,1776.0
2021-10-18,1809.0
2021-10-15,1809.0
2021-10-14,1814.0
2021-10-13,1819.0
2021-10-12,1856.0
2021-10-11,1860.0
2021-10-08,1886.0
2021-10-07,1863.0
2021-10-06,1861.0
2021-10-05,1887.0
2021-10-04,1897.0
2021-10-01,1883.0
2021-09-30,1874.0
2021-09-29,1839.0
2021-09-28,1794.0
2021-09-27,1766.0
2021-09-24,1789.0
2021-09-23,1813.0
2021-09-22,1838.0
2021-09-21,1816.0
2021-09-20,1802.0
2021-09-17,1824.0
2021-09-16,1816.0
2021-09-15,1785.0
2021-09-14,1753.0
2021-09-13,1738.0
2021-09-10,1731.0
2021-09-09,1770.0
2021-09-08,1772.0
2021-09-07,1786.0
2021-09-06,1769.0
2021-09-03,1766.0
2021-09-02,1784.0
2021-09-01,1738.0
2021-08-31,1719.0
2021-08-30,
2021-08-27,1732.0
2021-08-26,1745.0
2021-08-25,1738.0
2021-08-24,1725.0
2021-08-23,1719.0
2021-08-20,1726.0
2021-08-19,1729.0
2021-08-18,1728.0
2021-08-17,1728.0
2021-08-16,1710.0
2021-08-13,1703.0
2021-08-12,1687.0
2021-08-11,1695.0
2021-08-10,1689.0
2021-08-09,1668.0
2021-08-06,1660.0
2021-08-05,1637.0
2021-08-04,1638.0
2021-08-03,1648.0
2021-08-02,1616.0
2021-07-30,1617.0
2021-07-29,1643.0
2021-07-28,1652.0
2021-07-27,1639.0
2021-07-26,1633.0
2021-07-23,1591.0
2021-07-22,1579.0
2021-07-21,1570.0
2021-07-20,1559.0
2021-07-19,1558.0
2021-07-16,1592.0
2021-07-15,1554.0
2021-07-14,1542.0
2021-07-13,1597.0
2021-07-12,1579.0
2021-07-09,1565.0
2021-07-08,1559.0
2021-07-07,1572.0
2021-07-06,1585.0
2021-07-05,1602.0
2021-07-02,1584.0
2021-07-01,1594.0
2021-06-30,1607.0
2021-06-29,1600.0
2021-06-28,1590.0
2021-06-25,1596.0
2021-06-24,1588.0
2021-06-23,1595.0
2021-06-22,1609.0
2021-06-21,1599.0
2021-06-18,1603.0
2021-06-17,1605.0
2021-06-16,1603.0
2021-06-15,1613.0
2021-06-14,1618.0
2021-06-11,1605.0
2021-06-10,1609.0
2021-06-09,1592.0
2021-06-08,1595.0
2021-06-07,1593.0
2021-06-04,1616.0
2021-06-03,1614.0
2021-06-02,1609.0
2021-06-01,1623.0
2021-05-31,
2021-05-28,1617.0
2021-05-27,1613.0
2021-05-26,1638.0
2021-05-25,1624.0
2021-05-24,1630.0
2021-05-21,1634.0
2021-05-20,1632.0
2021-05-19,1651.0
2021-05-18,1687.0
2021-05-17,1711.0
2021-05-14,1689.0
2021-05-13,1703.0
2021-05-12,1687.0
2021-05-11,1641.0
2021-05-10,1650.0
2021-05-07,1620.0
2021-05-06,1589.0
2021-05-05,1562.0
2021-05-04,1544.0
2021-05-03,
2021-04-30,1576.0
2021-04-29,1629.0
2021-04-28,1617.0
2021-04-27,1618.0
2021-04-26,1623.0
2021-04-23,1620.0
2021-04-22,1618.0
2021-04-21,1608.0
2021-04-20,1591.0
2021-04-19,1610.0
2021-04-16,1602.0
2021-04-15,1606.0
2021-04-14,1606.0
2021-04-13,1613.0
2021-04-12,1580.0
2021-04-09,1598.0
2021-04-08,1641.0
2021-04-07,1693.0
2021-04-06,1702.0
2021-04-05,
2021-04-01,1713.0
2021-03-31,1693.0
2021-03-30,1691.0
2021-03-29,1734.0
2021-03-26,1738.0
2021-03-25,1741.0
2021-03-24,1726.0
2021-03-23,1714.0
2021-03-22,1728.0
2021-03-19,1736.0
2021-03-18,1752.0
2021-03-17,1736.0
2021-03-16,1834.0
2021-03-15,1892.0
2021-03-12,1909.0
2021-03-11,1912.0
2021-03-10,1900.0
2021-03-09,1887.0
2021-03-08,1904.0
2021-03-05,1929.0
2021-03-04,1966.0
2021-03-03,1970.0
2021-03-02,1953.0
2021-03-01,1936.0
2021-02-26,1912.0
2021-02-25,1888.0
2021-02-24,1838.0
2021-02-23,1835.0
2021-02-22,1836.0
2021-02-19,1786.0
2021-02-18,1750.0
2021-02-17,1752.0
2021-02-16,1755.0
2021-02-15,1764.0
2021-02-12,1746.0
2021-02-11,1743.0
2021-02-10,1771.0
2021-02-09,1754.0
2021-02-08,1739.0
2021-02-05,1742.0
2021-02-04,1728.0
2021-02-03,1722.0
2021-02-02,1763.0
2021-02-01,1739.0
2021-01-29,1728.0
2021-01-28,1721.0
2021-01-27,1720.0
2021-01-26,1725.0
2021-01-25,1720.0
2021-01-22,1733.0
2021-01-21,1741.0
2021-01-20,1762.0
2021-01-19,1768.0
2021-01-18,1755.0
2021-01-15,1734.0
2021-01-14,1695.0
2021-01-13,1703.0
2021-01-12,1694.0
2021-01-11,1679.0
2021-01-08,1686.0
2021-01-07,1705.0
2021-01-06,1675.0
2021-01-05,1692.0
2021-01-04,1722.0
2020-12-31,1737.0
2020-12-30,1737.0
2020-12-29,1674.0
2020-12-28,
2020-12-24,1691.0
2020-12-23,1709.0
2020-12-22,1707.0
2020-12-21,1718.0
2020-12-18,1685.0
2020-12-17,1693.0
2020-12-16,1688.0
2020-12-15,1714.0
2020-12-14,1720.0
2020-12-11,1671.0
2020-12-10,1630.0
2020-12-09,1662.0
2020-12-08,1689.0
2020-12-07,1722.0
2020-12-04,1717.0
2020-12-03,1725.0
2020-12-02,1744.0
2020-12-01,1821.0
2020-11-30,1839.0
2020-11-27,1876.0
2020-11-26,1869.0
2020-11-25,1842.0
2020-11-24,1887.0
2020-11-23,1836.0
2020-11-20,1790.0
2020-11-19,1771.0
2020-11-18,1742.0
2020-11-17,1716.0
2020-11-16,1659.0
2020-11-13,1592.0
2020-11-12,1597.0
2020-11-11,1599.0
2020-11-10,1598.0
2020-11-09,1625.0
2020-11-06,1596.0
2020-11-05,1601.0
2020-11-04,1592.0
2020-11-03,1594.0
2020-11-02,1579.0
2020-10-30,1605.0
2020-10-29,1621.0
2020-10-28,1634.0
2020-10-27,1678.0
2020-10-26,1705.0
2020-10-23,1695.0
2020-10-22,1688.0
2020-10-21,1658.0
2020-10-20,1644.0
2020-10-19,1669.0
2020-10-16,1639.0
2020-10-15,1632.0
2020-10-14,1636.0
2020-10-13,1643.0
2020-10-12,1673.0
2020-10-09,1689.0
2020-10-08,1712.0
2020-10-07,1710.0
2020-10-06,1698.0
2020-10-05,1725.0
2020-10-02,1733.0
2020-10-01,1772.0
2020-09-30,1796.0
2020-09-29,1833.0
2020-09-28,1851.0
2020-09-25,1867.0
2020-09-24,1891.0
2020-09-23,1867.0
2020-09-22,1855.0
2020-09-21,1889.0
2020-09-18,1870.0
2020-09-17,1856.0
2020-09-16,1842.0
2020-09-15,1707.0
2020-09-14,1736.0
2020-09-11,1770.0
2020-09-10,1751.0
2020-09-09,1745.0
2020-09-08,1747.0
2020-09-07,1758.0
2020-09-04,1776.0
2020-09-03,1787.0
2020-09-02,1787.0
2020-09-01,1755.0
2020-08-31,
2020-08-28,1729.0
2020-08-27,1691.0
2020-08-26,1657.0
2020-08-25,1696.0
2020-08-24,1684.0
2020-08-21,1637.0
2020-08-20,1626.0
2020-08-19,1645.0
2020-08-18,1648.0
2020-08-17,1667.0
2020-08-14,1693.0
2020-08-13,1694.0
2020-08-12,1692.0
2020-08-11,1678.0
2020-08-10,1708.0
2020-08-07,1706.0
2020-08-06,1688.0
2020-08-05,1677.0
2020-08-04,1668.0
2020-08-03,1674.0
2020-07-31,1621.0
2020-07-30,1600.0
2020-07-29,1608.0
2020-07-28,1562.0
2020-07-27,1559.0
2020-07-24,1546.0
2020-07-23,1545.0
2020-07-22,1541.0
2020-07-21,1536.0
2020-07-20,1562.0
2020-07-17,1549.0
2020-07-16,1536.0
2020-07-15,1455.0
2020-07-14,1487.0
2020-07-13,1502.0
2020-07-10,1510.0
2020-07-09,1483.0
2020-07-08,1469.0
2020-07-07,1489.0
2020-07-06,1542.0
2020-07-03,1558.0
2020-07-02,1602.0
2020-07-01,1601.0
2020-06-30,1623.0
2020-06-29,1750.0
2020-06-26,1789.0
2020-06-25,1892.0
2020-06-24,1826.0
2020-06-23,1809.0
2020-06-22,1811.0
2020-06-19,1804.0
2020-06-18,1845.0
2020-06-17,1813.0
2020-06-16,1845.0
2020-06-15,1840.0
2020-06-12,1876.0
2020-06-11,1841.0
2020-06-10,1868.0
2020-06-09,1880.0
2020-06-08,1849.0
2020-06-05,1867.0
2020-06-04,1895.0
2020-06-03,1913.0
2020-06-02,1898.0
2020-06-01,1957.0
2020-05-29,1960.0
2020-05-28,1963.0
2020-05-27,1926.0
2020-05-26,1943.0
2020-05-25,1983.0
2020-05-22,1983.0
2020-05-21,1945.0
2020-05-20,1958.0
2020-05-19,1969.0
2020-05-18,1953.0
2020-05-15,1967.0
2020-05-14,1958.0
2020-05-13,1991.0
2020-05-12,2029.0
2020-05-11,2037.0
2020-05-08,2011.0
2020-05-07,2011.0
2020-05-06,1973.0
2020-05-05,1972.0
2020-05-04,1998.0
2020-05-01,1973.0
2020-04-30,2025.0
2020-04-29,2010.0
2020-04-28,1945.0
2020-04-27,1982.0
2020-04-24,1990.0
2020-04-23,1994.0
2020-04-22,1999.0
2020-04-21,1914.0
2020-04-20,1895.0
2020-04-17,1878.0
2020-04-16,1810.0
2020-04-15,1776.0
2020-04-14,1813.0
2020-04-13,
2020-04-09,1863.0
2020-04-08,1888.0
2020-04-07,1906.0
2020-04-06,1896.0
2020-04-03,1817.0
2020-04-02,1768.0
2020-04-01,1740.0
2020-03-31,1754.0
2020-03-30,1771.0
2020-03-27,1785.0
2020-03-26,1809.0
2020-03-25,1836.0
2020-03-24,1848.0
2020-03-23,1846.0
2020-03-20,1832.0
2020-03-19,1813.0
2020-03-18,1865.0
2020-03-17,1853.0
2020-03-16,1723.0
2020-03-13,1782.0
2020-03-12,1816.0
2020-03-11,1860.0
2020-03-10,1833.0
2020-03-09,1806.0
2020-03-06,1850.0
2020-03-05,1854.0
2020-03-04,1892.0
2020-03-03,1906.0
2020-03-02,1914.0
2020-02-28,1926.0
2020-02-27,1959.0
2020-02-26,1966.0
2020-02-25,1976.0
2020-02-24,1976.0
2020-02-21,2000.0
2020-02-20,2005.0
2020-02-19,1988.0
2020-02-18,1972.0
2020-02-17,1983.0
2020-02-14,1963.0
2020-02-13,1974.0
2020-02-12,1975.0
2020-02-11,2003.0
2020-02-10,2008.0
2020-02-07,2012.0
2020-02-06,1999.0
2020-02-05,1970.0
2020-02-04,1928.0
2020-02-03,1935.0
2020-01-31,1955.0
2020-01-30,1991.0
2020-01-29,1953.0
2020-01-28,1939.0
2020-01-27,1955.0
2020-01-24,1946.0
2020-01-23,1969.0
2020-01-22,1998.0
2020-01-21,2027.0
2020-01-20,1999.0
2020-01-17,2003.0
2020-01-16,1955.0
2020-01-15,1977.0
2020-01-14,1965.0
2020-01-13,1900.0
2020-01-10,1880.0
2020-01-09,1848.0
2020-01-08,1812.0
2020-01-07,1823.0
2020-01-06,1789.0
2020-01-03,1829.0
2020-01-02,1838.0
2019-12-31,1819.0
2019-12-30,1799.0
2019-12-27,1817.0
2019-12-26,
2019-12-24,1763.0
2019-12-23,1768.0
2019-12-20,1749.0
2019-12-19,1753.0
2019-12-18,1781.0
2019-12-17,1783.0
2019-12-16,1768.0
2019-12-13,1795.0
2019-12-12,1858.0
2019-12-11,1864.0
2019-12-10,1974.0
2019-12-09,1990.0
2019-12-06,2002.0
2019-12-05,1982.0
2019-12-04,1972.0
2019-12-03,1984.0
2019-12-02,1984.0
2019-11-29,1999.0
2019-11-28,2014.0
2019-11-27,2026.0
2019-11-26,2056.0
2019-11-25,2049.0
2019-11-22,2047.0
2019-11-21,2047.0
2019-11-20,2035.0
2019-11-19,2036.0
2019-11-18,2041.0
2019-11-15,2054.0
2019-11-14,2056.0
2019-11-13,2053.0
2019-11-12,2030.0
2019-11-11,1946.0
2019-11-08,1926.0
2019-11-07,1885.0
2019-11-06,1888.0
2019-11-05,1892.0
2019-11-04,1908.0
2019-11-01,1898.0
2019-10-31,1861.0
2019-10-30,1897.0
2019-10-29,1915.0
2019-10-28,1921.0
2019-10-25,1913.0
2019-10-24,1927.0
2019-10-23,1894.0
2019-10-22,1870.0
2019-10-21,1880.0
2019-10-18,1897.0
2019-10-17,1909.0
2019-10-16,1922.0
2019-10-15,1934.0
2019-10-14,1898.0
2019-10-11,1931.0
2019-10-10,1942.0
2019-10-09,1916.0
2019-10-08,1938.0
2019-10-07,1922.0
2019-10-04,1956.0
2019-10-03,1968.0
2019-10-02,1933.0
2019-10-01,1919.0
2019-09-30,1917.0
2019-09-27,1940.0
2019-09-26,1944.0
2019-09-25,1918.0
2019-09-24,1869.0
2019-09-23,1881.0
2019-09-20,1876.0
2019-09-19,1873.0
2019-09-18,1838.0
2019-09-17,1824.0
2019-09-16,1821.0
2019-09-13,1697.0
2019-09-12,1634.0
2019-09-11,1613.0
2019-09-10,1629.0
2019-09-09,1654.0
2019-09-06,1664.0
2019-09-05,1661.0
2019-09-04,1690.0
2019-09-03,1674.0
2019-09-02,1652.0
2019-08-30,1640.0
2019-08-29,1618.0
2019-08-28,1641.0
2019-08-27,1644.0
2019-08-26,
2019-08-23,1647.0
2019-08-22,1649.0
2019-08-21,1654.0
2019-08-20,1625.0
2019-08-19,1636.0
2019-08-16,1629.0
2019-08-15,1646.0
2019-08-14,1668.0
2019-08-13,1684.0
2019-08-12,1719.0
2019-08-09,1726.0
2019-08-08,1728.0
2019-08-07,1738.0
2019-08-06,1762.0
2019-08-05,1791.0
2019-08-02,1822.0
2019-08-01,1823.0
2019-07-31,1825.0
2019-07-30,1847.0
2019-07-29,1841.0
2019-07-26,1825.0
2019-07-25,1843.0
2019-07-24,1842.0
2019-07-23,1853.0
2019-07-22,1866.0
2019-07-19,1836.0
2019-07-18,1833.0
2019-07-17,1836.0
2019-07-16,1722.0
2019-07-15,1720.0
2019-07-12,1777.0
2019-07-11,1766.0
2019-07-10,1802.0
2019-07-09,1840.0
2019-07-08,1862.0
2019-07-05,1785.0
2019-07-04,1796.0
2019-07-03,1766.0
2019-07-02,1784.0
2019-07-01,1799.0
2019-06-28,1771.0
2019-06-27,1786.0
2019-06-26,1801.0
2019-06-25,1800.0
2019-06-24,1812.0
2019-06-21,1824.0
2019-06-20,1794.0
2019-06-19,1838.0
2019-06-18,1835.0
2019-06-17,1826.0
2019-06-14,1831.0
2019-06-13,1836.0
2019-06-12,1853.0
2019-06-11,1836.0
2019-06-10,1832.0
2019-06-07,1798.0
2019-06-06,1782.0
2019-06-05,1780.0
2019-06-04,1769.0
2019-06-03,1751.0
2019-05-31,1785.0
2019-05-30,1796.0
2019-05-29,1783.0
2019-05-28,1785.0
2019-05-27,
2019-05-24,1789.0
2019-05-23,1773.0
2019-05-22,1761.0
2019-05-21,1771.0
2019-05-20,1743.0
2019-05-17,1729.0
2019-05-16,1743.0
2019-05-15,1727.0
2019-05-14,1768.0
2019-05-13,1855.0
2019-05-10,1868.0
2019-05-09,1879.0
2019-05-08,1877.0
2019-05-07,1887.0
2019-05-06,
2019-05-03,1909.0
2019-05-02,1933.0
2019-05-01,1918.0
2019-04-30,1936.0
2019-04-29,1908.0
2019-04-26,1876.0
2019-04-25,1838.0
2019-04-24,1829.0
2019-04-23,1846.0
2019-04-22,
2019-04-18,1859.0
2019-04-17,1865.0
2019-04-16,1809.0
2019-04-15,1815.0
2019-04-12,1835.0
2019-04-11,1809.0
2019-04-10,1810.0
2019-04-09,1804.0
2019-04-08,1795.0
2019-04-05,1810.0
2019-04-04,1807.0
2019-04-03,1780.0
2019-04-02,1770.0
2019-04-01,1749.0
2019-03-29,1728.0
2019-03-28,1710.0
2019-03-27,1691.0
2019-03-26,1687.0
2019-03-25,1677.0
2019-03-22,1628.0
2019-03-21,1620.0
2019-03-20,1614.0
2019-03-19,1650.0
2019-03-18,1654.0
2019-03-15,1656.0
2019-03-14,1700.0
2019-03-13,1727.0
2019-03-12,1733.0
2019-03-11,1704.0
2019-03-08,1703.0
2019-03-07,1675.0
2019-03-06,1715.0
2019-03-05,1646.0
2019-03-04,1655.0
2019-03-01,1691.0
2019-02-28,1709.0
2019-02-27,1746.0
2019-02-26,1734.0
2019-02-25,1736.0
2019-02-22,1757.0
2019-02-21,1759.0
2019-02-20,1766.0
2019-02-19,1778.0
2019-02-18,1772.0
2019-02-15,1761.0
2019-02-14,1714.0
2019-02-13,1713.0
2019-02-12,1709.0
2019-02-11,1719.0
2019-02-08,1686.0
2019-02-07,1698.0
2019-02-06,1708.0
2019-02-05,1671.0
2019-02-04,1633.0
2019-02-01,1591.0
2019-01-31,1571.0
2019-01-30,1582.0
2019-01-29,1590.0
2019-01-28,1607.0
2019-01-25,1601.0
2019-01-24,1633.0
2019-01-23,1623.0
2019-01-22,1633.0
2019-01-21,1668.0
2019-01-18,1671.0
2019-01-17,1684.0
2019-01-16,1687.0
2019-01-15,1666.0
2019-01-14,1678.0
2019-01-11,1698.0
2019-01-10,1710.0
2019-01-09,1709.0
2019-01-08,1730.0
2019-01-07,1746.0
2019-01-04,1724.0
2019-01-03,1760.0
2019-01-02,1763.0
2018-12-31,1766.0
2018-12-28,1764.0
2018-12-27,1753.0
2018-12-26,1704.0
2018-12-24,1704.0
2018-12-21,1682.0
2018-12-20,1685.0
2018-12-19,1709.0
2018-12-18,1685.0
2018-12-17,1657.0
2018-12-14,1665.0
2018-12-13,1674.0
2018-12-12,1525.0
2018-12-11,1486.0
2018-12-10,1547.0
2018-12-07,1545.0
2018-12-06,1501.0
2018-12-05,1521.0
2018-12-04,1568.0
2018-12-03,1572.0
2018-11-30,1571.0
2018-11-29,1569.0
2018-11-28,1556.0
2018-11-27,1566.0
2018-11-26,1530.0
2018-11-23,1533.0
2018-11-22,1551.0
2018-11-21,1558.0
2018-11-20,1578.0
2018-11-19,1597.0
2018-11-16,1609.0
2018-11-15,1599.0
2018-11-14,1582.0
2018-11-13,1593.0
2018-11-12,1618.0
2018-11-09,1638.0
2018-11-08,1648.0
2018-11-07,1698.0
2018-11-06,1696.0
2018-11-05,1696.0
2018-11-02,1675.0
2018-11-01,1676.0
2018-10-31,1695.0
2018-10-30,1703.0
2018-10-29,1673.0
2018-10-26,1704.0
2018-10-25,1675.0
2018-10-24,1616.0
2018-10-23,1629.0
2018-10-22,1641.0
2018-10-19,1606.0
2018-10-18,1581.0
2018-10-17,1615.0
2018-10-16,1589.0
2018-10-15,1569.0
2018-10-12,1596.0
2018-10-11,1552.0
2018-10-10,1545.0
2018-10-09,1573.0
2018-10-08,1553.0
2018-10-05,1527.0
2018-10-04,1508.0
2018-10-03,1498.0
2018-10-02,1541.0
2018-10-01,1463.0
2018-09-28,1496.0
2018-09-27,1529.0
2018-09-26,1539.0
2018-09-25,1563.0
2018-09-24,1597.0
2018-09-21,1565.0
2018-09-20,1563.0
2018-09-19,1566.0
2018-09-18,1592.0
2018-09-17,1585.0
2018-09-14,1584.0
2018-09-13,1549.0
2018-09-12,1541.0
2018-09-11,1564.0
2018-09-10,1603.0
2018-09-07,1600.0
2018-09-06,1606.0
2018-09-05,1615.0
2018-09-04,1625.0
2018-09-03,1611.0
2018-08-31,1635.0
2018-08-30,1610.0
2018-08-29,1643.0
2018-08-28,1649.0
2018-08-27,
2018-08-24,1664.0
2018-08-23,1646.0
2018-08-22,1625.0
2018-08-21,1592.0
2018-08-20,1557.0
2018-08-17,1534.0
2018-08-16,1539.0
2018-08-15,1532.0
2018-08-14,1529.0
2018-08-13,1537.0
2018-08-10,1544.0
2018-08-09,1539.0
2018-08-08,1554.0
2018-08-07,1542.0
2018-08-06,1583.0
2018-08-03,1525.0
2018-08-02,1536.0
2018-08-01,1529.0
2018-07-31,1601.0
2018-07-30,1646.0
2018-07-27,1648.0
2018-07-26,1693.0
2018-07-25,1646.0
2018-07-24,1653.0
2018-07-23,1678.0
2018-07-20,1699.0
2018-07-19,1693.0
2018-07-18,1709.0
2018-07-17,1743.0
2018-07-16,1885.0
2018-07-13,1860.0
2018-07-12,1862.0
2018-07-11,1867.0
2018-07-10,1882.0
2018-07-09,1867.0
2018-07-06,1876.0
2018-07-05,1897.0
2018-07-04,1860.0
2018-07-03,1868.0
2018-07-02,1906.0
2018-06-29,1898.0
2018-06-28,1885.0
2018-06-27,1820.0
2018-06-26,1827.0
2018-06-25,1834.0
2018-06-22,1835.0
2018-06-21,1832.0
2018-06-20,1845.0
2018-06-19,1784.0
2018-06-18,1747.0
2018-06-15,1750.0
2018-06-14,1687.0
2018-06-13,1636.0
2018-06-12,1685.0
2018-06-11,1676.0
2018-06-08,1689.0
2018-06-07,1615.0
2018-06-06,1646.0
2018-06-05,1639.0
2018-06-04,1693.0
2018-06-01,1760.0
2018-05-31,1773.0
2018-05-30,1821.0
2018-05-29,1815.0
2018-05-28,
2018-05-25,1844.0
2018-05-24,1865.0
2018-05-23,1882.0
2018-05-22,1857.0
2018-05-21,1863.0
2018-05-18,1882.0
2018-05-17,1856.0
2018-05-16,1895.0
2018-05-15,1813.0
2018-05-14,1822.0
2018-05-11,1855.0
2018-05-10,1866.0
2018-05-09,1870.0
2018-05-08,1866.0
2018-05-07,
2018-05-04,1884.0
2018-05-03,1897.0
2018-05-02,1881.0
2018-05-01,1887.0
2018-04-30,1856.0
2018-04-27,1837.0
2018-04-26,1829.0
2018-04-25,1812.0
2018-04-24,1804.0
2018-04-23,1783.0
2018-04-20,1788.0
2018-04-19,1838.0
2018-04-18,1836.0
2018-04-17,1787.0
2018-04-16,1791.0
2018-04-13,1735.0
2018-04-12,1728.0
2018-04-11,1741.0
2018-04-10,1710.0
2018-04-09,1724.0
2018-04-06,1685.0
2018-04-05,1728.0
2018-04-04,1725.0
2018-04-03,1733.0
2018-03-29,1753.0
2018-03-28,1796.0
2018-03-27,1770.0
2018-03-26,1820.0
2018-03-23,1821.0
2018-03-22,1786.0
2018-03-21,1775.0
2018-03-20,1756.0
2018-03-19,1731.0
2018-03-16,1796.0
2018-03-15,1796.0
2018-03-14,1787.0
2018-03-13,1813.0
2018-03-12,1822.0
2018-03-09,1771.0
2018-03-08,1807.0
2018-03-07,1749.0
2018-03-06,1750.0
2018-03-05,1729.0
2018-03-02,1638.0
2018-03-01,1602.0
2018-02-28,1574.0
2018-02-27,1568.0
2018-02-26,1551.0
2018-02-23,1532.0
2018-02-22,1510.0
2018-02-21,1519.0
2018-02-20,1497.0
2018-02-19,1483.0
2018-02-16,1484.0
2018-02-15,1476.0
2018-02-14,1463.0
2018-02-13,1446.0
2018-02-12,1435.0
2018-02-09,1468.0
2018-02-08,1460.0
2018-02-07,1448.0
2018-02-06,1462.0
2018-02-05,1457.0
2018-02-02,1455.0
2018-02-01,1408.0
2018-01-31,1399.0
2018-01-30,1385.0
2018-01-29,1370.0
2018-01-26,1381.0
2018-01-25,1356.0
2018-01-24,1357.0
2018-01-23,1364.0
2018-01-22,1370.0
2018-01-19,1380.0
2018-01-18,1403.0
2018-01-17,1417.0
2018-01-16,1391.0
2018-01-15,1404.0
2018-01-12,1380.0
2018-01-11,1396.0
2018-01-10,1404.0
2018-01-09,1376.0
2018-01-08,1371.0
2018-01-05,1364.0
2018-01-04,1367.0
2018-01-03,1374.0
2018-01-02,1383.0
2017-12-29,1378.0
2017-12-28,1393.0
2017-12-27,1366.0
2017-12-26,1379.0
2017-12-22,1379.0
2017-12-21,1407.0
2017-12-20,1420.0
2017-12-19,1410.0
2017-12-18,1420.0
2017-12-15,1407.0
2017-12-14,1411.0
2017-12-13,1414.0
2017-12-12,1371.0
2017-12-11,1329.0
2017-12-08,1336.0
2017-12-07,1326.0
2017-12-06,1344.0
2017-12-05,1364.0
2017-12-04,1406.0
2017-12-01,1438.0
2017-11-30,1444.0
2017-11-29,1496.0
2017-11-28,1487.0
2017-11-27,1503.0
2017-11-24,1533.0
2017-11-23,1542.0
2017-11-22,1552.0
2017-11-21,1544.0
2017-11-20,1544.0
2017-11-17,1577.0
2017-11-16,1587.0
2017-11-15,1581.0
2017-11-14,1606.0
2017-11-13,1638.0
2017-11-10,1642.0
2017-11-09,1632.0
2017-11-08,1629.0
2017-11-07,1596.0
2017-11-06,1585.0
2017-11-03,1559.0
2017-11-02,1550.0
2017-11-01,1571.0
2017-10-31,1553.0
2017-10-30,1571.0
2017-10-27,1573.0
2017-10-26,1576.0
2017-10-25,1548.0
2017-10-24,1561.0
2017-10-23,1580.0
2017-10-20,1592.0
2017-10-19,1596.0
2017-10-18,1560.0
2017-10-17,1556.0
2017-10-16,1537.0
2017-10-13,1566.0
2017-10-12,1580.0
2017-10-11,1583.0
2017-10-10,1547.0
2017-10-09,1533.0
2017-10-06,1593.0
2017-10-05,1579.0
2017-10-04,1558.0
2017-10-03,1554.0
2017-10-02,1529.0
2017-09-29,1516.0
2017-09-28,1476.0
2017-09-27,1498.0
2017-09-26,1473.0
2017-09-25,1470.0
2017-09-22,1472.0
2017-09-21,1492.0
2017-09-20,1480.0
2017-09-19,1468.0
2017-09-18,1474.0
2017-09-15,1484.0
2017-09-14,1466.0
2017-09-13,1459.0
2017-09-12,1432.0
2017-09-11,1427.0
2017-09-08,1436.0
2017-09-07,1432.0
2017-09-06,1459.0
2017-09-05,1498.0
2017-09-04,1497.0
2017-09-01,1503.0
2017-08-31,1503.0
2017-08-30,1500.0
2017-08-29,1528.0
2017-08-28,
2017-08-25,1514.0
2017-08-24,1489.0
2017-08-23,1472.0
2017-08-22,1481.0
2017-08-21,1482.0
2017-08-18,1481.0
2017-08-17,1464.0
2017-08-16,1446.0
2017-08-15,1459.0
2017-08-14,1492.0
2017-08-11,1542.0
2017-08-10,1538.0
2017-08-09,1557.0
2017-08-08,1576.0
2017-08-07,1584.0
2017-08-04,1563.0
2017-08-03,1594.0
2017-08-02,1580.0
2017-08-01,1561.0
2017-07-31,1590.0
2017-07-28,1595.0
2017-07-27,1565.0
2017-07-26,1506.0
2017-07-25,1521.0
2017-07-24,1554.0
2017-07-21,1561.0
2017-07-20,1548.0
2017-07-19,1533.0
2017-07-18,1512.0
2017-07-17,1507.0
2017-07-14,1505.0
2017-07-13,1500.0
2017-07-12,1452.0
2017-07-11,1443.0
2017-07-10,1458.0
2017-07-07,1487.0
2017-07-06,1506.0
2017-07-05,1539.0
2017-07-04,1535.0
2017-07-03,1547.0
2017-06-30,1533.0
2017-06-29,1486.0
2017-06-28,1504.0
2017-06-27,1500.0
2017-06-26,1490.0
2017-06-23,1520.0
2017-06-22,1488.0
2017-06-21,1512.0
2017-06-20,1555.0
2017-06-19,1550.0
2017-06-16,1607.0
2017-06-15,1631.0
2017-06-14,1630.0
2017-06-13,1622.0
2017-06-12,1657.0
2017-06-09,1605.0
2017-06-08,1536.0
2017-06-07,1530.0
2017-06-06,1540.0
2017-06-05,1541.0
2017-06-02,1554.0
2017-06-01,1571.0
2017-05-31,1583.0
2017-05-30,1582.0
2017-05-29,
2017-05-26,1495.0
2017-05-25,1449.0
2017-05-24,1468.0
2017-05-23,1554.0
2017-05-22,1566.0
2017-05-19,1563.0
2017-05-18,1605.0
2017-05-17,1589.0
2017-05-16,1578.0
2017-05-15,1570.0
2017-05-12,1536.0
2017-05-11,1495.0
2017-05-10,1493.0
2017-05-09,1495.0
2017-05-08,1498.0
2017-05-05,1432.0
2017-05-04,1411.0
2017-05-03,1359.0
2017-05-02,1384.0
2017-05-01,
2017-04-28,1403.0
2017-04-27,1435.0
2017-04-26,1445.0
2017-04-25,1418.0
2017-04-24,1390.0
2017-04-21,1423.0
2017-04-20,1385.0
2017-04-19,1449.0
2017-04-18,1497.0
2017-04-17,
2017-04-13,1522.0
2017-04-12,1568.0
2017-04-11,1590.0
2017-04-10,1579.0
2017-04-07,1614.0
2017-04-06,1671.0
2017-04-05,1691.0
2017-04-04,1696.0
2017-04-03,1689.0
2017-03-31,1679.0
2017-03-30,1683.0
2017-03-29,1686.0
2017-03-28,1708.0
2017-03-27,1719.0
2017-03-24,1714.0
2017-03-23,1750.0
2017-03-22,1744.0
2017-03-21,1730.0
2017-03-20,1722.0
2017-03-17,1636.0
2017-03-16,1678.0
2017-03-15,1683.0
2017-03-14,1696.0
2017-03-13,1663.0
2017-03-10,1597.0
2017-03-09,1572.0
2017-03-08,1576.0
2017-03-07,1580.0
2017-03-06,1577.0
2017-03-03,1590.0
2017-03-02,1561.0
2017-03-01,1525.0
2017-02-28,1529.0
2017-02-27,1578.0
2017-02-24,1590.0
2017-02-23,1617.0
2017-02-22,1594.0
2017-02-21,1601.0
2017-02-20,1599.0
2017-02-17,1613.0
2017-02-16,1641.0
2017-02-15,1602.0
2017-02-14,1540.0
2017-02-13,1558.0
2017-02-10,1598.0
2017-02-09,1622.0
2017-02-08,1624.0
2017-02-07,1641.0
2017-02-06,1676.0
2017-02-03,1687.0
2017-02-02,1687.0
2017-02-01,1686.0
2017-01-31,1686.0
2017-01-30,1687.0
2017-01-27,1696.0
2017-01-26,1720.0
2017-01-25,1747.0
2017-01-24,1757.0
2017-01-23,1746.0
2017-01-20,1748.0
2017-01-19,1758.0
2017-01-18,1799.0
2017-01-17,1792.0
2017-01-16,1792.0
2017-01-13,1797.0
2017-01-12,1811.0
2017-01-11,1751.0
2017-01-10,1798.0
2017-01-09,1781.0
2017-01-06,1821.0
2017-01-05,1809.0
2017-01-04,1806.0
2017-01-03,1757.0
2017-01-02,
2016-12-30,1732.0
2016-12-29,1767.0
2016-12-28,1805.0
2016-12-27,1816.0
2016-12-23,1816.0
2016-12-22,1802.0
2016-12-21,1852.0
2016-12-20,1844.0
2016-12-19,1863.0
2016-12-16,1818.0
2016-12-15,1823.0
2016-12-14,1829.0
2016-12-13,1754.0
2016-12-12,1732.0
2016-12-09,1698.0
2016-12-08,1773.0
2016-12-07,1808.0
2016-12-06,1830.0
2016-12-05,1861.0
2016-12-02,1901.0
2016-12-01,1961.0
2016-11-30,1964.0
2016-11-29,1993.0
2016-11-28,2033.0
2016-11-25,2044.0
2016-11-24,2057.0
2016-11-23,2060.0
2016-11-22,2055.0
2016-11-21,2040.0
2016-11-18,2057.0
2016-11-17,2031.0
2016-11-16,2034.0
2016-11-15,2019.0
2016-11-14,2034.0
2016-11-11,2068.0
2016-11-10,2055.0
2016-11-09,2050.0
2016-11-08,2064.0
2016-11-07,2045.0
2016-11-04,2103.0
2016-11-03,2192.0
2016-11-02,2226.0
2016-11-01,2229.0
2016-10-31,2262.0
2016-10-28,2279.0
2016-10-27,2272.0
2016-10-26,2277.0
2016-10-25,2263.0
2016-10-24,2231.0
2016-10-21,2235.0
2016-10-20,2237.0
2016-10-19,2238.0
2016-10-18,2224.0
2016-10-17,2246.0
2016-10-14,2268.0
2016-10-13,2251.0
2016-10-12,2232.0
2016-10-11,2249.0
2016-10-10,2230.0
2016-10-07,2319.0
2016-10-06,2279.0
2016-10-05,2311.0
2016-10-04,2295.0
2016-10-03,2267.0
2016-09-30,2223.0
2016-09-29,2212.0
2016-09-28,2263.0
2016-09-27,2285.0
2016-09-26,2273.0
2016-09-23,2290.0
2016-09-22,2320.0
2016-09-21,2308.0
2016-09-20,2305.0
2016-09-19,2298.0
2016-09-16,2246.0
2016-09-15,2274.0
2016-09-14,2245.0
2016-09-13,2215.0
2016-09-12,2207.0
2016-09-09,2189.0
2016-09-08,2274.0
2016-09-07,2281.0
2016-09-06,2277.0
2016-09-05,2288.0
2016-09-02,2290.0
2016-09-01,2311.0
2016-08-31,2359.0
2016-08-30,2361.0
2016-08-29,2429.0
2016-08-26,2429.0
2016-08-25,2426.0
2016-08-24,2415.0
2016-08-23,2434.0
2016-08-22,2406.0
2016-08-19,2492.0
2016-08-18,2512.0
2016-08-17,2500.0
2016-08-16,2485.0
2016-08-15,2468.0
2016-08-12,2420.0
2016-08-11,2413.0
2016-08-10,2420.0
2016-08-09,2390.0
2016-08-08,2404.0
2016-08-05,2420.0
2016-08-04,2404.0
2016-08-03,2379.0
2016-08-02,2323.0
2016-08-01,2356.0
2016-07-29,2297.0
2016-07-28,2332.0
2016-07-27,2352.0
2016-07-26,2342.0
2016-07-25,2347.0
2016-07-22,2384.0
2016-07-21,2362.0
2016-07-20,2417.0
2016-07-19,2437.0
2016-07-18,2470.0
2016-07-15,2450.0
2016-07-14,2522.0
2016-07-13,2577.0
2016-07-12,2545.0
2016-07-11,2564.0
2016-07-08,2546.0
2016-07-07,2549.0
2016-07-06,2525.0
2016-07-05,2485.0
2016-07-04,2417.0
2016-07-01,2404.0
2016-06-30,2385.0
2016-06-29,2390.0
2016-06-28,2395.0
2016-06-27,2395.0
2016-06-24,2343.0
2016-06-23,2286.0
2016-06-22,2281.0
2016-06-21,2270.0
2016-06-20,2263.0
2016-06-17,2286.0
2016-06-16,2296.0
2016-06-15,2325.0
2016-06-14,2308.0
2016-06-13,2299.0
2016-06-10,2276.0
2016-06-09,2258.0
2016-06-08,2253.0
2016-06-07,2257.0
2016-06-06,2258.0
2016-06-03,2241.0
2016-06-02,2249.0
2016-06-01,2237.0
2016-05-31,2238.0
2016-05-30,2210.0
2016-05-27,2210.0
2016-05-26,2167.0
2016-05-25,2170.0
2016-05-24,2194.0
2016-05-23,2214.0
2016-05-20,2148.0
2016-05-19,2120.0
2016-05-18,2141.0
2016-05-17,2133.0
2016-05-16,2157.0
2016-05-13,2180.0
2016-05-12,2201.0
2016-05-11,2240.0
2016-05-10,2253.0
2016-05-09,2236.0
2016-05-06,2225.0
2016-05-05,2274.0
2016-05-04,2299.0
2016-05-03,2300.0
2016-05-02,2313.0
2016-04-29,2313.0
2016-04-28,2269.0
2016-04-27,2279.0
2016-04-26,2287.0
2016-04-25,2266.0
2016-04-22,2270.0
2016-04-21,2247.0
2016-04-20,2232.0
2016-04-19,2221.0
2016-04-18,2212.0
2016-04-15,2184.0
2016-04-14,2197.0
2016-04-13,2165.0
2016-04-12,2166.0
2016-04-11,2146.0
2016-04-08,2136.0
2016-04-07,2124.0
2016-04-06,2149.0
2016-04-05,2132.0
2016-04-04,2108.0
2016-04-01,2127.0
2016-03-31,2156.0
2016-03-30,2171.0
2016-03-29,2186.0
2016-03-28,
2016-03-24,2202.0
2016-03-23,2211.0
2016-03-22,2235.0
2016-03-21,2238.0
2016-03-18,2256.0
2016-03-17,2260.0
2016-03-16,2261.0
2016-03-15,2258.0
2016-03-14,2220.0
2016-03-11,2232.0
2016-03-10,2239.0
2016-03-09,2224.0
2016-03-08,2196.0
2016-03-07,2215.0
2016-03-04,2216.0
2016-03-03,2185.0
2016-03-02,2192.0
2016-03-01,2198.0
2016-02-29,2215.0
2016-02-26,2161.0
2016-02-25,2195.0
2016-02-24,2176.0
2016-02-23,2125.0
2016-02-22,2108.0
2016-02-19,2058.0
2016-02-18,2109.0
2016-02-17,2073.0
2016-02-16,2052.0
2016-02-15,2037.0
2016-02-12,2060.0
2016-02-11,2012.0
2016-02-10,2046.0
2016-02-09,2037.0
2016-02-08,2058.0
2016-02-05,1990.0
2016-02-04,1969.0
2016-02-03,2015.0
2016-02-02,1990.0
2016-02-01,2067.0
2016-01-29,2009.0
2016-01-28,2012.0
2016-01-27,2005.0
2016-01-26,2041.0
2016-01-25,2049.0
2016-01-22,2084.0
2016-01-21,2082.0
2016-01-20,2054.0
2016-01-19,2144.0
2016-01-18,2114.0
2016-01-15,2115.0
2016-01-14,2061.0
2016-01-13,2073.0
2016-01-12,2063.0
2016-01-11,2068.0
2016-01-08,2155.0
2016-01-07,2107.0
2016-01-06,2115.0
2016-01-05,2163.0
2016-01-04,2209.0
2015-12-31,2262.0
2015-12-30,2251.0
2015-12-29,2243.0
2015-12-28,2264.0
2015-12-24,2264.0
2015-12-23,2261.0
2015-12-22,2230.0
2015-12-21,2248.0
2015-12-18,2257.0
2015-12-17,2261.0
2015-12-16,2262.0
2015-12-15,2286.0
2015-12-14,2251.0
2015-12-11,2257.0
2015-12-10,2244.0
2015-12-09,2265.0
2015-12-08,2255.0
2015-12-07,2298.0
2015-12-04,2287.0
2015-12-03,2280.0
2015-12-02,2269.0
2015-12-01,2251.0
2015-11-30,2261.0
2015-11-27,2260.0
2015-11-26,2248.0
2015-11-25,2253.0
2015-11-24,2284.0
2015-11-23,2261.0
2015-11-20,2298.0
2015-11-19,2297.0
2015-11-18,2291.0
2015-11-17,2306.0
2015-11-16,2315.0
2015-11-13,2307.0
2015-11-12,2275.0
2015-11-11,2260.0
2015-11-10,2248.0
2015-11-09,2206.0
2015-11-06,2233.0
2015-11-05,2223.0
2015-11-04,2186.0
2015-11-03,2223.0
2015-11-02,2219.0
2015-10-30,2208.0
2015-10-29,2200.0
2015-10-28,2200.0
2015-10-27,2193.0
2015-10-26,2175.0
2015-10-23,2147.0
2015-10-22,2141.0
2015-10-21,2145.0
2015-10-20,2177.0
2015-10-19,2155.0
2015-10-16,2117.0
2015-10-15,2101.0
2015-10-14,2108.0
2015-10-13,2141.0
2015-10-12,2091.0
2015-10-09,2084.0
2015-10-08,2093.0
2015-10-07,2107.0
2015-10-06,2120.0
2015-10-05,2126.0
2015-10-02,2121.0
2015-10-01,2132.0
2015-09-30,2140.0
2015-09-29,2179.0
2015-09-28,2210.0
2015-09-25,2240.0
2015-09-24,2238.0
2015-09-23,2253.0
2015-09-22,2235.0
2015-09-21,2216.0
2015-09-18,2208.0
2015-09-17,2197.0
2015-09-16,2189.0
2015-09-15,2186.0
2015-09-14,2202.0
2015-09-11,2172.0
2015-09-10,2183.0
2015-09-09,2189.0
2015-09-08,2153.0
2015-09-07,2147.0
2015-09-04,2133.0
2015-09-03,2091.0
2015-09-02,2095.0
2015-09-01,2110.0
2015-08-31,2086.0
2015-08-28,2086.0
2015-08-27,2081.0
2015-08-26,2068.0
2015-08-25,2050.0
2015-08-24,2040.0
2015-08-21,2036.0
2015-08-20,2067.0
2015-08-19,2061.0
2015-08-18,2032.0
2015-08-17,2017.0
2015-08-14,2020.0
2015-08-13,2024.0
2015-08-12,2013.0
2015-08-11,2049.0
2015-08-10,2062.0
2015-08-07,2079.0
2015-08-06,2033.0
2015-08-05,2068.0
2015-08-04,2102.0
2015-08-03,2110.0
2015-07-31,2131.0
2015-07-30,2144.0
2015-07-29,2139.0
2015-07-28,2134.0
2015-07-27,2131.0
2015-07-24,2131.0
2015-07-23,2165.0
2015-07-22,2180.0
2015-07-21,2223.0
2015-07-20,2222.0
2015-07-17,2217.0
2015-07-16,2194.0
2015-07-15,2207.0
2015-07-14,2214.0
2015-07-13,2182.0
2015-07-10,2184.0
2015-07-09,2180.0
2015-07-08,2161.0
2015-07-07,2155.0
2015-07-06,2146.0
2015-07-03,2159.0
2015-07-02,2163.0
2015-07-01,2155.0
2015-06-30,2139.0
2015-06-29,2169.0
2015-06-26,2168.0
2015-06-25,2138.0
2015-06-24,2146.0
2015-06-23,2124.0
2015-06-22,2135.0
2015-06-19,2120.0
2015-06-18,2145.0
2015-06-17,2128.0
2015-06-16,2147.0
2015-06-15,2137.0
2015-06-12,2102.0
2015-06-11,2087.0
2015-06-10,2096.0
2015-06-09,2097.0
2015-06-08,2110.0
2015-06-05,2112.0
2015-06-04,2102.0
2015-06-03,2113.0
2015-06-02,2111.0
2015-06-01,2094.0
2015-05-29,2107.0
2015-05-28,2125.0
2015-05-27,2126.0
2015-05-26,2119.0
2015-05-25,2112.0
2015-05-22,2112.0
2015-05-21,2096.0
2015-05-20,2084.0
2015-05-19,2098.0
2015-05-18,2079.0
2015-05-15,2068.0
2015-05-14,2049.0
2015-05-13,2046.0
2015-05-12,2040.0
2015-05-11,2018.0
2015-05-08,1980.0
2015-05-07,1995.0
2015-05-06,1989.0
2015-05-05,2002.0
2015-05-04,1974.0
2015-05-01,1974.0
2015-04-30,1992.0
2015-04-29,1966.0
2015-04-28,1971.0
2015-04-27,1980.0
2015-04-24,1965.0
2015-04-23,1916.0
2015-04-22,1900.0
2015-04-21,1902.0
2015-04-20,1905.0
2015-04-17,1938.0
2015-04-16,1964.0
2015-04-15,1945.0
2015-04-14,1967.0
2015-04-13,1953.0
2015-04-10,1940.0
2015-04-09,1947.0
2015-04-08,1944.0
2015-04-07,1942.0
2015-04-06,1939.0
2015-04-02,1939.0
2015-04-01,1920.0
2015-03-31,1901.0
2015-03-30,1903.0
2015-03-27,1921.0
2015-03-26,1940.0
2015-03-25,1951.0
2015-03-24,1948.0
2015-03-23,1920.0
2015-03-20,1945.0
2015-03-19,1923.0
2015-03-18,1949.0
2015-03-17,1968.0
2015-03-16,1977.0
2015-03-13,1991.0
2015-03-12,1982.0
2015-03-11,1966.0
2015-03-10,1988.0
2015-03-09,2018.0
2015-03-06,2032.0
2015-03-05,2051.0
2015-03-04,2051.0
2015-03-03,2045.0
2015-03-02,2037.0
2015-02-27,2035.0
2015-02-26,2019.0
2015-02-25,2000.0
2015-02-24,2048.0
2015-02-23,2042.0
2015-02-20,2038.0
2015-02-19,2025.0
2015-02-18,2029.0
2015-02-17,2024.0
2015-02-16,2005.0
2015-02-13,2018.0
2015-02-12,2016.0
2015-02-11,2009.0
2015-02-10,1993.0
2015-02-09,2008.0
2015-02-06,1957.0
2015-02-05,1934.0
2015-02-04,1921.0
2015-02-03,1912.0
2015-02-02,1893.0
2015-01-30,1905.0
2015-01-29,1900.0
2015-01-28,1902.0
2015-01-27,1914.0
2015-01-26,1919.0
2015-01-23,1937.0
2015-01-22,1961.0
2015-01-21,1986.0
2015-01-20,2019.0
2015-01-19,2034.0
2015-01-16,2031.0
2015-01-15,2044.0
2015-01-14,2049.0
2015-01-13,2051.0
2015-01-12,2055.0
2015-01-09,2037.0
2015-01-08,2046.0
2015-01-07,2016.0
2015-01-06,2000.0
2015-01-05,2012.0
2015-01-02,1987.0
2014-12-31,1980.0
2014-12-30,1986.0
2014-12-29,1982.0
2014-12-26,1989.0
2014-12-24,1989.0
2014-12-23,1991.0
2014-12-22,1991.0
2014-12-19,1988.0
2014-12-18,1969.0
2014-12-17,1939.0
2014-12-16,1928.0
2014-12-15,1907.0
2014-12-12,1909.0
2014-12-11,1922.0
2014-12-10,1999.0
2014-12-09,1999.0
2014-12-08,1980.0
2014-12-05,1978.0
2014-12-04,1950.0
2014-12-03,1938.0
2014-12-02,1949.0
2014-12-01,1959.0
2014-11-28,1924.0
2014-11-27,1944.0
2014-11-26,1929.0
2014-11-25,1895.0
2014-11-24,1916.0
2014-11-21,1894.0
2014-11-20,1895.0
2014-11-19,1896.0
2014-11-18,1889.0
2014-11-17,1897.0
2014-11-14,1881.0
2014-11-13,1889.0
2014-11-12,1902.0
2014-11-11,1941.0
2014-11-10,1929.0
2014-11-07,1927.0
2014-11-06,1915.0
2014-11-05,1896.0
2014-11-04,1900.0
2014-11-03,1889.0
2014-10-31,1910.0
2014-10-30,1930.0
2014-10-29,1915.0
2014-10-28,1899.0
2014-10-27,1933.0
2014-10-24,1984.0
2014-10-23,2031.0
2014-10-22,2029.0
2014-10-21,2023.0
2014-10-20,2028.0
2014-10-17,2034.0
2014-10-16,2021.0
2014-10-15,2064.0
2014-10-14,2035.0
2014-10-13,1998.0
2014-10-10,2053.0
2014-10-09,1983.0
2014-10-08,1978.0
2014-10-07,1986.0
2014-10-06,2007.0
2014-10-03,1995.0
2014-10-02,1994.0
2014-10-01,2028.0
2014-09-30,2110.0
2014-09-29,2121.0
2014-09-26,2124.0
2014-09-25,2140.0
2014-09-24,2168.0
2014-09-23,2110.0
2014-09-22,2136.0
2014-09-19,2105.0
2014-09-18,2065.0
2014-09-17,2045.0
2014-09-16,2010.0
2014-09-15,2038.0
2014-09-12,2044.0
2014-09-11,2016.0
2014-09-10,2027.0
2014-09-09,2021.0
2014-09-08,2008.0
2014-09-05,1997.0
2014-09-04,1997.0
2014-09-03,2000.0
2014-09-02,2002.0
2014-09-01,2031.0
2014-08-29,2057.0
2014-08-28,2075.0
2014-08-27,2054.0
2014-08-26,2071.0
2014-08-25,2057.0
2014-08-22,2057.0
2014-08-21,2052.0
2014-08-20,2068.0
2014-08-19,2052.0
2014-08-18,2076.0
2014-08-15,2075.0
2014-08-14,2072.0
2014-08-13,2047.0
2014-08-12,2029.0
2014-08-11,2026.0
2014-08-08,2027.0
2014-08-07,2027.0
2014-08-06,2024.0
2014-08-05,2007.0
2014-08-04,2013.0
2014-08-01,2014.0
2014-07-31,2019.0
2014-07-30,2004.0
2014-07-29,1980.0
2014-07-28,1962.0
2014-07-25,1983.0
2014-07-24,1986.0
2014-07-23,1988.0
2014-07-22,1958.0
2014-07-21,1948.0
2014-07-18,1930.0
2014-07-17,1916.0
2014-07-16,1944.0
2014-07-15,1953.0
2014-07-14,1960.0
2014-07-11,1959.0
2014-07-10,1949.0
2014-07-09,1933.0
2014-07-08,1952.0
2014-07-07,1948.0
2014-07-04,1952.0
2014-07-03,1954.0
2014-07-02,1957.0
2014-07-01,1962.0
2014-06-30,1979.0
2014-06-27,1988.0
2014-06-26,1942.0
2014-06-25,1950.0
2014-06-24,1940.0
2014-06-23,1948.0
2014-06-20,1965.0
2014-06-19,1964.0
2014-06-18,1974.0
2014-06-17,1970.0
2014-06-16,1960.0
2014-06-13,1973.0
2014-06-12,1964.0
2014-06-11,1984.0
2014-06-10,1961.0
2014-06-09,1956.0
2014-06-06,1953.0
2014-06-05,1958.0
2014-06-04,1961.0
2014-06-03,1946.0
2014-06-02,1945.0
2014-05-30,1950.0
2014-05-29,1932.0
2014-05-28,1922.0
2014-05-27,1913.0
2014-05-26,1903.0
2014-05-23,1903.0
2014-05-22,1883.0
2014-05-21,1865.0
2014-05-20,1857.0
2014-05-19,1839.0
2014-05-16,1825.0
2014-05-15,1820.0
2014-05-14,1794.0
2014-05-13,1812.0
2014-05-12,1761.0
2014-05-09,1771.0
2014-05-08,1784.0
2014-05-07,1788.0
2014-05-06,1801.0
2014-05-05,1806.0
2014-05-02,1806.0
2014-05-01,1808.0
2014-04-30,1835.0
2014-04-29,1831.0
2014-04-28,1834.0
2014-04-25,1837.0
2014-04-24,1849.0
2014-04-23,1868.0
2014-04-22,1860.0
2014-04-17,1872.0
2014-04-16,1849.0
2014-04-15,1860.0
2014-04-14,1870.0
2014-04-11,1876.0
2014-04-10,1862.0
2014-04-09,1881.0
2014-04-08,1875.0
2014-04-07,1869.0
2014-04-04,1875.0
2014-04-03,1849.0
2014-04-02,1845.0
2014-04-01,1856.0
2014-03-31,1867.0
2014-03-28,1883.0
2014-03-27,1870.0
2014-03-26,1875.0
2014-03-25,1875.0
2014-03-24,1873.0
2014-03-21,1879.0
2014-03-20,1882.0
2014-03-19,1899.0
2014-03-18,1897.0
2014-03-17,1898.0
2014-03-14,1888.0
2014-03-13,1871.0
2014-03-12,1847.0
2014-03-11,1866.0
2014-03-10,1849.0
2014-03-07,1842.0
2014-03-06,1829.0
2014-03-05,1833.0
2014-03-04,1828.0
2014-03-03,1814.0
2014-02-28,1838.0
2014-02-27,1825.0
2014-02-26,1814.0
2014-02-25,1810.0
2014-02-24,1840.0
2014-02-21,1843.0
2014-02-20,1856.0
2014-02-19,1839.0
2014-02-18,1858.0
2014-02-17,1863.0
2014-02-14,1860.0
2014-02-13,1865.0
2014-02-12,1871.0
2014-02-11,1861.0
2014-02-10,1862.0
2014-02-07,1867.0
2014-02-06,1847.0
2014-02-05,1845.0
2014-02-04,1840.0
2014-02-03,1862.0
2014-01-31,1844.0
2014-01-30,1849.0
2014-01-29,1842.0
2014-01-28,1833.0
2014-01-27,1830.0
2014-01-24,1777.0
2014-01-23,1773.0
2014-01-22,1718.0
2014-01-21,1717.0
2014-01-20,1741.0
2014-01-17,1730.0
2014-01-16,1773.0
2014-01-15,1765.0
2014-01-14,1762.0
2014-01-13,1744.0
2014-01-10,1733.0
2014-01-09,1716.0
2014-01-08,1724.0
2014-01-07,1712.0
2014-01-06,1706.0
2014-01-03,1730.0
2014-01-02,1680.0
2013-12-31,1730.0
2013-12-30,1716.0
2013-12-27,1760.0
2013-12-24,1809.0
2013-12-23,1791.0
2013-12-20,1798.0
2013-12-19,1780.0
2013-12-18,1771.0
2013-12-17,1784.0
2013-12-16,1784.0
2013-12-13,1767.0
2013-12-12,1732.0
2013-12-11,1718.0
2013-12-10,1713.0
2013-12-09,1702.0
2013-12-06,1742.0
2013-12-05,1716.0
2013-12-04,1721.0
2013-12-03,1735.0
2013-12-02,1746.0
2013-11-29,1736.0
2013-11-28,1736.0
2013-11-27,1726.0
2013-11-26,1742.0
2013-11-25,1766.0
2013-11-22,1763.0
2013-11-21,1770.0
2013-11-20,1783.0
2013-11-19,1775.0
2013-11-18,1763.0
2013-11-15,1739.0
2013-11-14,1710.0
2013-11-13,1703.0
2013-11-12,1683.0
2013-11-11,1659.0
2013-11-08,1697.0
2013-11-07,1702.0
2013-11-06,1725.0
2013-11-05,1728.0
2013-11-04,1688.0
2013-11-01,1695.0
2013-10-31,1697.0
2013-10-30,1682.0
2013-10-29,1690.0
2013-10-28,1701.0
2013-10-25,1720.0
2013-10-24,1706.0
2013-10-23,1722.0
2013-10-22,1753.0
2013-10-21,1735.0
2013-10-18,1731.0
2013-10-17,1768.0
2013-10-16,1775.0
2013-10-15,1782.0
2013-10-14,1753.0
2013-10-11,1779.0
2013-10-10,1767.0
2013-10-09,1753.0
2013-10-08,1754.0
2013-10-07,1747.0
2013-10-04,1694.0
2013-10-03,1663.0
2013-10-02,1687.0
2013-10-01,1691.0
2013-09-30,1707.0
2013-09-27,1711.0
2013-09-26,1698.0
2013-09-25,1675.0
2013-09-24,1700.0
2013-09-23,1703.0
2013-09-20,1700.0
2013-09-19,1709.0
2013-09-18,1712.0
2013-09-17,1705.0
2013-09-16,1722.0
2013-09-13,1699.0
2013-09-12,1709.0
2013-09-11,1699.0
2013-09-10,1703.0
2013-09-09,1700.0
2013-09-06,1714.0
2013-09-05,1715.0
2013-09-04,1657.0
2013-09-03,1618.0
2013-09-02,1622.0
2013-08-30,1639.0
2013-08-29,1648.0
2013-08-28,1654.0
2013-08-27,1629.0
2013-08-26,1636.0
2013-08-23,1636.0
2013-08-22,1630.0
2013-08-21,1618.0
2013-08-20,1654.0
2013-08-19,1651.0
2013-08-16,1643.0
2013-08-15,1647.0
2013-08-14,1652.0
2013-08-13,1633.0
2013-08-12,1655.0
2013-08-09,1648.0
2013-08-08,1655.0
2013-08-07,1644.0
2013-08-06,1610.0
2013-08-05,1611.0
2013-08-02,1566.0
2013-08-01,1575.0
2013-07-31,1572.0
2013-07-30,1555.0
2013-07-29,1543.0
2013-07-26,1576.0
2013-07-25,1591.0
2013-07-24,1595.0
2013-07-23,1598.0
2013-07-22,1591.0
2013-07-19,1609.0
2013-07-18,1608.0
2013-07-17,1585.0
2013-07-16,1538.0
2013-07-15,1515.0
2013-07-12,1515.0
2013-07-11,1520.0
2013-07-10,1491.0
2013-07-09,1502.0
2013-07-08,1484.0
2013-07-05,1504.0
2013-07-04,1510.0
2013-07-03,1476.0
2013-07-02,1451.0
2013-07-01,1432.0
2013-06-28,1440.0
2013-06-27,1434.0
2013-06-26,1441.0
2013-06-25,1428.0
2013-06-24,1413.0
2013-06-21,1420.0
2013-06-20,1415.0
2013-06-19,1436.0
2013-06-18,1439.0
2013-06-17,1440.0
2013-06-14,1464.0
2013-06-13,1506.0
2013-06-12,1548.0
2013-06-11,1551.0
2013-06-10,1557.0
2013-06-07,1563.0
2013-06-06,1568.0
2013-06-05,1552.0
2013-06-04,1528.0
2013-06-03,1507.0
2013-05-31,1491.0
2013-05-30,1500.0
2013-05-29,1504.0
2013-05-28,1503.0
2013-05-27,1522.0
2013-05-24,1522.0
2013-05-23,1537.0
2013-05-22,1562.0
2013-05-21,1569.0
2013-05-20,1538.0
2013-05-17,1549.0
2013-05-16,1529.0
2013-05-15,1569.0
2013-05-14,1597.0
2013-05-13,1580.0
2013-05-10,1541.0
2013-05-09,1554.0
2013-05-08,1556.0
2013-05-07,1563.0
2013-05-06,1563.0
2013-05-03,1563.0
2013-05-02,1565.0
2013-05-01,1566.0
2013-04-30,1544.0
2013-04-29,1523.0
2013-04-26,1542.0
2013-04-25,1551.0
2013-04-24,1551.0
2013-04-23,1551.0
2013-04-22,1541.0
2013-04-19,1558.0
2013-04-18,1546.0
2013-04-17,1545.0
2013-04-16,1534.0
2013-04-15,1504.0
2013-04-12,1504.0
2013-04-11,1488.0
2013-04-10,1481.0
2013-04-09,1485.0
2013-04-08,1473.0
2013-04-05,1431.0
2013-04-04,1444.0
2013-04-03,1452.0
2013-04-02,1471.0
2013-03-28,1467.0
2013-03-27,1452.0
2013-03-26,1447.0
2013-03-25,1435.0
2013-03-22,1446.0
2013-03-21,1455.0
2013-03-20,1446.0
2013-03-19,1418.0
2013-03-18,1414.0
2013-03-15,1427.0
2013-03-14,1441.0
2013-03-13,1453.0
2013-03-12,1452.0
2013-03-11,1440.0
2013-03-08,1426.0
2013-03-07,1386.0
2013-03-06,1367.0
2013-03-05,1365.0
2013-03-04,1362.0
2013-03-01,1381.0
2013-02-28,1409.0
2013-02-27,1411.0
2013-02-26,1416.0
2013-02-25,1434.0
2013-02-22,1424.0
2013-02-21,1419.0
2013-02-20,1404.0
2013-02-19,1399.0
2013-02-18,1400.0
2013-02-15,1409.0
2013-02-14,1418.0
2013-02-13,1423.0
2013-02-12,1412.0
2013-02-11,1415.0
2013-02-08,1442.0
2013-02-07,1457.0
2013-02-06,1452.0
2013-02-05,1464.0
2013-02-04,1427.0
2013-02-01,1435.0
2013-01-31,1428.0
2013-01-30,1420.0
2013-01-29,1435.0
2013-01-28,1421.0
2013-01-25,1417.0
2013-01-24,1438.0
2013-01-23,1447.0
2013-01-22,1443.0
2013-01-21,1483.0
2013-01-18,1482.0
2013-01-17,1489.0
2013-01-16,1455.0
2013-01-15,1455.0
2013-01-14,1451.0
2013-01-11,1438.0
2013-01-10,1442.0
2013-01-09,1426.0
2013-01-08,1421.0
2013-01-07,1441.0
2013-01-04,1422.0
2013-01-03,1433.0
2013-01-02,1429.0
2012-12-31,1435.0
2012-12-28,1438.0
2012-12-27,1441.0
2012-12-24,1460.0
2012-12-21,1469.0
2012-12-20,1471.0
2012-12-19,1484.0
2012-12-18,1511.0
2012-12-17,1532.0
2012-12-14,1545.0
2012-12-13,1530.0
2012-12-12,1533.0
2012-12-11,1518.0
2012-12-10,1595.0
2012-12-07,1621.0
2012-12-06,1620.0
2012-12-05,1588.0
2012-12-04,1592.0
2012-12-03,1603.0
2012-11-30,1593.0
2012-11-29,1593.0
2012-11-28,1577.0
2012-11-27,1564.0
2012-11-26,1586.0
2012-11-23,1598.0
2012-11-22,1576.0
2012-11-21,1588.0
2012-11-20,1579.0
2012-11-19,1560.0
2012-11-16,1556.0
2012-11-15,1604.0
2012-11-14,1597.0
2012-11-13,1553.0
2012-11-12,1545.0
2012-11-09,1540.0
2012-11-08,1519.0
2012-11-07,1551.0
2012-11-06,1587.0
2012-11-05,1579.0
2012-11-02,1582.0
2012-11-01,1562.0
2012-10-31,1548.0
2012-10-30,1544.0
2012-10-29,1534.0
2012-10-26,1544.0
2012-10-25,1556.0
2012-10-24,1563.0
2012-10-23,1630.0
2012-10-22,1628.0
2012-10-19,1614.0
2012-10-18,1575.0
2012-10-17,1527.0
2012-10-16,1550.0
2012-10-15,1514.0
2012-10-12,1523.0
2012-10-11,1518.0
2012-10-10,1535.0
2012-10-09,1562.0
2012-10-08,1538.0
2012-10-05,1525.0
2012-10-04,1532.0
2012-10-03,1564.0
2012-10-02,1599.0
2012-10-01,1580.0
2012-09-28,1631.0
2012-09-27,1601.0
2012-09-26,1597.0
2012-09-25,1598.0
2012-09-24,1583.0
2012-09-21,1626.0
2012-09-20,1635.0
2012-09-19,1642.0
2012-09-18,1633.0
2012-09-17,1663.0
2012-09-14,1692.0
2012-09-13,1677.0
2012-09-12,1675.0
2012-09-11,1665.0
2012-09-10,1694.0
2012-09-07,1704.0
2012-09-06,1718.0
2012-09-05,1702.0
2012-09-04,1651.0
2012-09-03,1652.0
2012-08-31,1686.0
2012-08-30,1687.0
2012-08-29,1677.0
2012-08-28,1677.0
2012-08-27,1573.0
2012-08-24,1573.0
2012-08-23,1570.0
2012-08-22,1574.0
2012-08-21,1602.0
2012-08-20,1605.0
2012-08-17,1624.0
2012-08-16,1608.0
2012-08-15,1638.0
2012-08-14,1647.0
2012-08-13,1623.0
2012-08-10,1650.0
2012-08-09,1666.0
2012-08-08,1679.0
2012-08-07,1672.0
2012-08-06,1642.0
2012-08-03,1648.0
2012-08-02,1649.0
2012-08-01,1654.0
2012-07-31,1629.0
2012-07-30,1609.0
2012-07-27,1603.0
2012-07-26,1585.0
2012-07-25,1553.0
2012-07-24,1540.0
2012-07-23,1554.0
2012-07-20,1543.0
2012-07-19,1532.0
2012-07-18,1501.0
2012-07-17,1501.0
2012-07-16,1518.0
2012-07-13,1540.0
2012-07-12,1540.0
2012-07-11,1607.0
2012-07-10,1616.0
2012-07-09,1634.0
2012-07-06,1604.0
2012-07-05,1637.0
2012-07-04,1635.0
2012-07-03,1651.0
2012-07-02,1627.0
2012-06-29,1614.0
2012-06-28,1587.0
2012-06-27,1565.0
2012-06-26,1509.0
2012-06-25,1488.0
2012-06-22,1501.0
2012-06-21,1516.0
2012-06-20,1508.0
2012-06-19,1539.0
2012-06-18,1530.0
2012-06-15,1575.0
2012-06-14,1580.0
2012-06-13,1568.0
2012-06-12,1552.0
2012-06-11,1527.0
2012-06-08,1530.0
2012-06-07,1521.0
2012-06-06,1519.0
2012-06-05,1452.0
2012-06-04,1452.0
2012-06-01,1452.0
2012-05-31,1471.0
2012-05-30,1450.0
2012-05-29,1475.0
2012-05-28,1481.0
2012-05-25,1476.0
2012-05-24,1473.0
2012-05-23,1485.0
2012-05-22,1511.0
2012-05-21,1539.0
2012-05-18,1551.0
2012-05-17,1528.0
2012-05-16,1550.0
2012-05-15,1548.0
2012-05-14,1526.0
2012-05-11,1550.0
2012-05-10,1545.0
2012-05-09,1540.0
2012-05-08,1538.0
2012-05-07,1511.0
2012-05-04,1511.0
2012-05-03,1517.0
2012-05-02,1538.0
2012-05-01,1515.0
2012-04-30,1472.0
2012-04-27,1515.0
2012-04-26,1498.0
2012-04-25,1483.0
2012-04-24,1490.0
2012-04-23,1444.0
2012-04-20,1476.0
2012-04-19,1446.0
2012-04-18,1468.0
2012-04-17,1478.0
2012-04-16,1464.0
2012-04-13,1452.0
2012-04-12,1412.0
2012-04-11,1381.0
2012-04-10,1378.0
2012-04-05,1421.0
2012-04-04,1398.0
2012-04-03,1419.0
2012-04-02,1446.0
2012-03-30,1462.0
2012-03-29,1463.0
2012-03-28,1513.0
2012-03-27,1526.0
2012-03-26,1513.0
2012-03-23,1492.0
2012-03-22,1479.0
2012-03-21,1514.0
2012-03-20,1519.0
2012-03-19,1477.0
2012-03-16,1461.0
2012-03-15,1428.0
2012-03-14,1485.0
2012-03-13,1514.0
2012-03-12,1513.0
2012-03-09,1520.0
2012-03-08,1504.0
2012-03-07,1452.0
2012-03-06,1450.0
2012-03-05,1440.0
2012-03-02,1470.0
2012-03-01,1484.0
2012-02-29,1479.0
2012-02-28,1513.0
2012-02-27,1533.0
2012-02-24,1505.0
2012-02-23,1510.0
2012-02-22,1571.0
2012-02-21,1548.0
2012-02-20,1505.0
2012-02-17,1494.0
2012-02-16,1537.0
2012-02-15,1552.0
2012-02-14,1479.0
2012-02-13,1438.0
2012-02-10,1411.0
2012-02-09,1454.0
2012-02-08,1469.0
2012-02-07,1472.0
2012-02-06,1472.0
2012-02-03,1502.0
2012-02-02,1449.0
2012-02-01,1443.0
2012-01-31,1497.0
2012-01-30,1489.0
2012-01-27,1563.0
2012-01-26,1591.0
2012-01-25,1589.0
2012-01-24,1584.0
2012-01-23,1483.0
2012-01-20,1489.0
2012-01-19,1537.0
2012-01-18,1503.0
2012-01-17,1504.0
2012-01-16,1481.0
2012-01-13,1511.0
2012-01-12,1545.0
2012-01-11,1562.0
2012-01-10,1544.0
2012-01-09,1428.0
2012-01-06,1335.0
2012-01-05,1332.0
2012-01-04,1345.0
2012-01-03,1365.0
2012-01-02,1380.0
2011-12-30,1380.0
2011-12-29,1364.0
2011-12-28,1390.0
2011-12-27,1407.0
2011-12-23,1407.0
2011-12-22,1414.0
2011-12-21,1435.0
2011-12-20,1400.0
2011-12-19,1343.0
2011-12-16,1369.0
2011-12-15,1394.0
2011-12-14,1423.0
2011-12-13,1403.0
2011-12-12,1362.0
2011-12-09,1281.0
2011-12-08,1317.0
2011-12-07,1334.0
2011-12-06,1359.0
2011-12-05,1380.0
2011-12-02,1402.0
2011-12-01,1429.0
2011-11-30,1440.0
2011-11-29,1460.0
2011-11-28,1488.0
2011-11-25,1509.0
2011-11-24,1518.0
2011-11-23,1516.0
2011-11-22,1510.0
2011-11-21,1514.0
2011-11-18,1537.0
2011-11-17,1577.0
2011-11-16,1578.0
2011-11-15,1579.0
2011-11-14,1576.0
2011-11-11,1575.0
2011-11-10,1583.0
2011-11-09,1613.0
2011-11-08,1652.0
2011-11-07,1689.0
2011-11-04,1677.0
2011-11-03,1682.0
2011-11-02,1654.0
2011-11-01,1629.0
2011-10-31,1673.0
2011-10-28,1700.0
2011-10-27,1714.0
2011-10-26,1700.0
2011-10-25,1674.0
2011-10-24,1668.0
2011-10-21,1654.0
2011-10-20,1671.0
2011-10-19,1687.0
2011-10-18,1684.0
2011-10-17,1693.0
2011-10-14,1706.0
2011-10-13,1687.0
2011-10-12,1687.0
2011-10-11,1688.0
2011-10-10,1707.0
2011-10-07,1717.0
2011-10-06,1735.0
2011-10-05,1717.0
2011-10-04,1706.0
2011-10-03,1687.0
2011-09-30,1699.0
2011-09-29,1745.0
2011-09-28,1730.0
2011-09-27,1759.0
2011-09-26,1747.0
2011-09-23,1734.0
2011-09-22,1773.0
2011-09-21,1781.0
2011-09-20,1772.0
2011-09-19,1768.0
2011-09-16,1807.0
2011-09-15,1782.0
2011-09-14,1786.0
2011-09-13,1809.0
2011-09-12,1808.0
2011-09-09,1815.0
2011-09-08,1815.0
2011-09-07,1850.0
2011-09-06,1884.0
2011-09-05,1916.0
2011-09-02,1930.0
2011-09-01,1927.0
2011-08-31,1936.0
2011-08-30,1928.0
2011-08-29,1922.0
2011-08-26,1922.0
2011-08-25,1891.0
2011-08-24,1916.0
2011-08-23,1944.0
2011-08-22,1906.0
2011-08-19,1871.0
2011-08-18,1874.0
2011-08-17,1895.0
2011-08-16,1880.0
2011-08-15,1837.0
2011-08-12,1838.0
2011-08-11,1834.0
2011-08-10,1841.0
2011-08-09,1865.0
2011-08-08,1850.0
2011-08-05,1852.0
2011-08-04,1833.0
2011-08-03,1836.0
2011-08-02,1854.0
2011-08-01,1857.0
2011-07-29,1852.0
2011-07-28,1862.0
2011-07-27,1890.0
2011-07-26,1873.0
2011-07-25,1870.0
2011-07-22,1901.0
2011-07-21,1970.0
2011-07-20,1990.0
2011-07-19,1994.0
2011-07-18,2001.0
2011-07-15,1992.0
2011-07-14,1948.0
2011-07-13,1950.0
2011-07-12,1909.0
2011-07-11,1905.0
2011-07-08,1926.0
2011-07-07,1984.0
2011-07-06,1981.0
2011-07-05,2000.0
2011-07-04,1980.0
2011-07-01,1963.0
2011-06-30,1954.0
2011-06-29,1935.0
2011-06-28,1899.0
2011-06-27,1899.0
2011-06-24,1869.0
2011-06-23,1879.0
2011-06-22,1884.0
2011-06-21,1867.0
2011-06-20,1848.0
2011-06-17,1822.0
2011-06-16,1800.0
2011-06-15,1837.0
2011-06-14,1849.0
2011-06-13,1838.0
2011-06-10,1848.0
2011-06-09,1830.0
2011-06-08,1807.0
2011-06-07,1781.0
2011-06-06,1772.0
2011-06-03,1779.0
2011-06-02,1796.0
2011-06-01,1814.0
2011-05-31,1840.0
2011-05-30,1813.0
2011-05-27,1813.0
2011-05-26,1849.0
2011-05-25,1841.0
2011-05-24,1791.0
2011-05-23,1792.0
2011-05-20,1816.0
2011-05-19,1865.0
2011-05-18,1865.0
2011-05-17,1855.0
2011-05-16,1869.0
2011-05-13,1857.0
2011-05-12,1845.0
2011-05-11,1883.0
2011-05-10,1879.0
2011-05-09,1867.0
2011-05-06,1866.0
2011-05-05,1870.0
2011-05-04,1937.0
2011-05-03,1971.0
2011-05-02,1975.0
2011-04-29,1975.0
2011-04-28,1975.0
2011-04-27,1916.0
2011-04-26,1899.0
2011-04-21,1874.0
2011-04-20,1912.0
2011-04-19,1924.0
2011-04-18,1927.0
2011-04-15,1972.0
2011-04-14,1963.0
2011-04-13,1948.0
2011-04-12,1938.0
2011-04-11,1914.0
2011-04-08,1898.0
2011-04-07,1921.0
2011-04-06,1928.0
2011-04-05,1912.0
2011-04-04,1956.0
2011-04-01,1947.0
2011-03-31,1915.0
2011-03-30,1944.0
2011-03-29,1997.0
2011-03-28,2124.0
2011-03-25,2111.0
2011-03-24,2074.0
2011-03-23,2089.0
2011-03-22,2089.0
2011-03-21,2050.0
2011-03-18,2003.0
2011-03-17,2126.0
2011-03-16,2110.0
2011-03-15,2119.0
2011-03-14,2170.0
2011-03-11,2216.0
2011-03-10,2239.0
2011-03-09,2254.0
2011-03-08,2320.0
2011-03-07,2350.0
2011-03-04,2353.0
2011-03-03,2405.0
2011-03-02,2354.0
2011-03-01,2337.0
2011-02-28,2392.0
2011-02-25,2378.0
2011-02-24,2361.0
2011-02-23,2374.0
2011-02-22,2362.0
2011-02-21,2301.0
2011-02-18,2280.0
2011-02-17,2244.0
2011-02-16,2253.0
2011-02-15,2208.0
2011-02-14,2239.0
2011-02-11,2223.0
2011-02-10,2193.0
2011-02-09,2147.0
