date,pnl
2011-02-09,
2011-02-10,0.0
2011-02-11,-0.0
2011-02-14,0.0
2011-02-15,0.0
2011-02-16,-0.0
2011-02-17,0.0
2011-02-18,-0.0
2011-02-22,0.0
2011-02-23,-0.0
2011-02-24,0.0
2011-02-25,0.0
2011-02-28,0.0
2011-03-01,-0.0
2011-03-03,0.0
2011-03-04,0.0
2011-03-08,-0.0
2011-03-09,0.0
2011-03-10,-0.0
2011-03-14,0.0
2011-03-15,-0.0
2011-03-17,0.0
2011-03-18,-0.0
2011-03-21,-0.0
2011-03-22,0.0
2011-03-23,-0.0
2011-03-24,0.0
2011-03-25,-0.0
2011-03-28,0.0
2011-03-29,-0.0
2011-03-30,0.0
2011-03-31,-0.0
2011-04-01,0.0
2011-04-04,-0.0
2011-04-05,0.0
2011-04-06,-0.0
2011-04-07,0.0
2011-04-08,0.0
2011-04-11,-0.0
2011-04-12,0.0
2011-04-13,-0.0
2011-04-14,0.0
2011-04-15,0.0
2011-04-18,-0.0
2011-04-19,0.0
2011-04-20,0.0
2011-04-21,0.0
2011-04-26,-0.0
2011-04-27,-0.0
2011-04-29,0.0
2011-05-02,-0.0
2011-05-03,-0.0
2011-05-04,0.0
2011-05-05,-0.0
2011-05-06,0.0
2011-05-09,0.0
2011-05-16,-0.0
2011-05-17,-0.0
2011-05-18,-0.0
2011-05-19,-0.0
2011-05-20,-0.0
2011-05-23,0.0
2011-05-24,0.0
2011-05-25,0.0
2011-05-26,-0.0
2011-05-27,0.0
2011-05-31,-0.0
2011-06-01,-0.0
2011-06-02,-0.0
2011-06-03,-0.0
2011-06-06,-0.0
2011-06-07,0.0
2011-06-08,-0.0
2011-06-09,0.0
2011-06-10,-0.0
2011-06-13,0.0
2011-06-14,-0.0
2011-06-15,-0.0
2011-06-16,0.0
2011-06-17,-0.0
2011-06-20,0.0
2011-06-21,0.0
2011-06-22,-0.0
2011-06-23,-0.0
2011-06-24,-0.0
2011-06-27,0.0
2011-06-28,-0.0
2011-06-29,0.0
2011-06-30,-0.0
2011-07-01,-0.0
2011-07-06,0.0
2011-07-07,-0.0
2011-07-12,0.0
2011-07-13,0.0
2011-07-15,-0.0
2011-07-18,-0.0
2011-07-19,0.0
2011-07-20,-0.0
2011-07-21,0.0
2011-07-22,-0.0
2011-07-25,-0.0
2011-07-26,0.0
2011-07-27,-0.0
2011-07-28,-0.0
2011-07-29,0.0
2011-08-01,-0.0
2011-08-02,0.0
2011-08-03,0.0
2011-08-04,-0.0
2011-08-05,0.0
2011-08-08,-0.0
2011-08-09,-0.0
2011-08-10,-0.0
2011-08-11,0.0
2011-08-12,-0.0
2011-08-15,0.0
2011-08-16,-0.0
2011-08-17,0.0
2011-08-18,-0.0
2011-08-19,0.0
2011-08-22,-0.0
2011-08-23,0.0
2011-08-24,-0.0
2011-08-25,0.0
2011-08-29,0.0
2011-08-30,-0.0
2011-09-01,0.0
2011-09-07,0.0
2011-09-08,-0.0
2011-09-09,-0.0
2011-09-12,0.0
2011-09-13,-0.0
2011-09-14,-0.0
2011-09-16,-0.0
2011-09-19,-0.0
2011-09-20,0.0
2011-09-21,-0.0
2011-09-22,-0.0
2011-09-23,0.0
2011-09-26,0.0
2011-09-27,0.0
2011-09-28,-0.0
2011-09-29,0.0
2011-09-30,-0.0
2011-10-03,-0.0
2011-10-04,0.0
2011-10-05,0.0
2011-10-06,0.0
2011-10-07,-0.0
2011-10-10,0.0
2011-10-11,-0.0
2011-10-12,0.0
2011-10-13,-0.0
2011-10-14,0.0
2011-10-17,-0.0
2011-10-18,0.0
2011-10-19,0.0
2011-10-20,-0.0
2011-10-21,0.0
2011-10-24,0.0
2011-10-25,0.0
2011-10-26,0.0
2011-10-27,0.0
2011-10-28,-0.0
2011-10-31,-0.0
2011-11-01,-0.0
2011-11-02,0.0
2011-11-03,0.0
2011-11-04,-0.0
2011-11-07,0.0
2011-11-08,0.0
2011-11-09,-0.0
2011-11-10,-0.0
2011-11-11,0.0
2011-11-14,-0.0
2011-11-15,-0.0
2011-11-16,0.0
2011-11-17,0.0
2011-11-18,0.0
2011-11-21,-0.0
2011-11-22,0.0
2011-11-23,-0.0
2011-11-25,0.0
2011-11-28,-0.0
2011-12-01,-0.0
2011-12-02,0.0
2011-12-09,-0.0
2011-12-12,-0.0
2011-12-13,0.0
2011-12-15,0.0
2011-12-16,-0.0
2011-12-19,0.0
2011-12-20,0.0
2011-12-21,-0.0
2011-12-22,0.0
2011-12-23,0.0
2011-12-27,0.0
2011-12-28,-0.0
2011-12-29,0.0
2011-12-30,0.0
2012-01-03,0.0
2012-01-04,-0.0
2012-01-05,-0.0
2012-01-06,0.0
2012-01-09,0.0
2012-01-10,0.0
2012-01-11,-0.0
2012-01-12,0.0
2012-01-13,-0.0
2012-01-17,0.0
2012-01-18,0.0
2012-01-19,-0.0
2012-01-20,0.0
2012-01-23,-0.0
2012-01-24,-0.0
2012-01-25,0.0
2012-01-26,0.0
2012-01-27,-0.0
2012-01-30,0.0
2012-01-31,0.0
2012-02-01,-0.0
2012-02-02,-0.0
2012-02-03,0.0
2012-02-06,-0.0
2012-02-07,-0.0
2012-02-08,-0.0
2012-02-09,0.0
2012-02-10,-0.0
2012-02-13,0.0
2012-02-14,0.0
2012-02-15,-0.0
2012-02-16,0.0
2012-02-17,-0.0
2012-02-21,-0.0
2012-02-22,-0.0
2012-02-23,0.0
2012-02-24,0.0
2012-02-28,0.0
2012-02-29,-0.0
2012-03-01,-0.0
2012-03-02,0.0
2012-03-05,0.0
2012-03-06,-0.0
2012-03-08,0.0
2012-03-09,-0.0
2012-03-12,0.0
2012-03-13,-0.0
2012-03-15,0.0
2012-03-16,-0.0
2012-03-19,0.0
2012-03-20,-0.0
2012-03-21,-0.0
2012-03-22,0.0
2012-03-23,-0.0
2012-03-26,-0.0
2012-03-27,-0.0
2012-03-28,-0.0
2012-03-29,-0.0030826594859310855
2012-03-30,0.0018386679396736974
2012-04-02,-0.011177163152296077
2012-04-03,-0.004146968721156495
2012-04-04,-0.004032483924791632
2012-04-05,-0.007527025716771144
2012-04-10,0.011447345248092308
2012-04-11,0.022323690391574676
2012-04-12,-0.0030132372847177825
2012-04-13,0.007027857126830923
2012-04-16,0.013081193729263538
2012-04-17,0.009925147899797626
2012-04-18,-0.0
2012-04-19,0.0
2012-04-20,0.0
2012-04-23,-0.0
2012-04-24,0.0
2012-04-25,-0.0
2012-04-26,0.0
2012-04-30,-0.0
2012-05-01,0.033729262358997855
2012-05-08,-0.016575508437497347
2012-05-09,-0.007424096560929328
2012-05-10,0.01763059779089
2012-05-11,-0.05223229184096259
2012-05-14,0.048583875357931385
2012-05-16,-0.03641886175290336
2012-05-17,-0.004937412515840154
2012-05-18,0.007203734228804758
2012-05-21,-0.004733297271482317
2012-05-22,-0.011635679577360638
2012-05-23,-0.009606745466826137
2012-05-24,0.012670585524760258
2012-05-25,-0.0046811145213533165
2012-05-29,0.004796979777163789
2012-05-30,-0.003964038839146592
2012-05-31,-0.0008188085172652669
2012-06-01,0.007559568558481021
2012-06-04,0.019650597858368455
2012-06-05,0.027670274638281683
2012-06-06,-0.025117793702112798
2012-06-07,0.0053687471038183655
2012-06-08,-0.013630250434838245
2012-06-11,-0.006775957810687091
2012-06-12,0.021120560664083673
2012-06-13,-0.019115642695083448
2012-06-14,-0.01121583562308675
2012-06-15,-0.0026818415909127817
2012-06-18,-0.005708150137530742
2012-06-19,0.012476428219199164
2012-06-20,0.002783699145372954
2012-06-21,-0.021896863347981965
2012-06-22,-0.010233730645870515
2012-06-25,0.016496778618678716
2012-06-26,0.009132507782864547
2012-06-27,-0.029980996320757763
2012-06-28,0.011917704762130141
2012-06-29,0.024847520027295775
2012-07-02,-0.017379937516001764
2012-07-03,0.003563284304173778
2012-07-05,0.014249256354043803
2012-07-11,0.009641145358548979
2012-07-17,0.009299425903321848
2012-07-18,-0.0009098307265241997
2012-07-19,-2.6995986643730402e-05
2012-07-20,-0.016459786870481684
2012-07-23,0.010254496686589398
2012-07-24,0.005784110797666593
2012-07-25,-0.006212622509036327
2012-07-26,0.009427740002783923
2012-07-27,-0.008171045245859706
2012-07-30,-0.0019657069292109497
2012-07-31,0.001986688990764471
2012-08-01,-0.003647558288410997
2012-08-02,0.0002020966481188595
2012-08-03,0.012384263296373058
2012-08-06,0.0011161772458146797
2012-08-07,0.002320257005468628
2012-08-08,0.00029667782968010627
2012-08-09,0.008387471216847492
2012-08-10,0.0
2012-08-13,-0.0
2012-08-14,0.0
2012-08-15,0.0
2012-08-16,0.0
2012-08-17,0.0
2012-08-20,-0.0
2012-08-21,0.0
2012-08-22,-0.0
2012-08-23,-0.0
2012-08-24,0.0
2012-08-27,0.0
2012-08-28,-0.0
2012-08-29,0.0
2012-08-30,0.0
2012-08-31,0.0
2012-09-04,-0.0
2012-09-05,0.0
2012-09-06,-0.0
2012-09-07,0.0
2012-09-10,-0.0
2012-09-11,0.0
2012-09-12,-0.0
2012-09-13,-0.0
2012-09-14,-0.0
2012-09-17,-0.0
2012-09-18,0.0
2012-09-19,-0.0
2012-09-20,-0.0
2012-09-21,0.0
2012-09-24,-0.0
2012-09-25,0.0
2012-09-26,-0.0
2012-09-27,0.0
2012-09-28,-0.0
2012-10-01,0.0
2012-10-02,0.0
2012-10-03,0.0
2012-10-04,0.0
2012-10-05,-0.0
2012-10-08,-0.0
2012-10-09,0.0
2012-10-10,0.0
2012-10-11,-0.0
2012-10-12,0.0
2012-10-15,-0.0
2012-10-16,-0.0
2012-10-17,0.0
2012-10-18,-0.0
2012-10-19,0.0
2012-10-22,0.0
2012-10-23,-0.0
2012-10-24,0.0
2012-10-25,-0.0
2012-10-26,-0.0
2012-10-29,-0.0
2012-10-30,0.0
2012-10-31,-0.0
2012-11-01,0.0
2012-11-02,0.0
2012-11-05,0.0
2012-11-06,0.0
2012-11-07,-0.0
2012-11-08,-0.0
2012-11-09,-0.0
2012-11-12,0.0
2012-11-13,-0.0
2012-11-14,0.0
2012-11-15,0.0
2012-11-16,0.0
2012-11-19,-0.0
2012-11-20,0.0
2012-11-21,0.0
2012-11-23,0.0
2012-11-26,0.010945360972301808
2012-11-27,-0.0012263714570752478
2012-11-29,0.008591362088486806
2012-11-30,-0.002902487991149682
2012-12-03,-0.01189484689208544
2012-12-04,0.035996610879872805
2012-12-05,0.0
2012-12-11,0.0
2012-12-12,-0.0
2012-12-14,-0.0
2012-12-17,-0.0
2012-12-18,0.0
2012-12-19,-0.0
2012-12-20,-0.0
2012-12-21,-0.0
2012-12-24,-0.0
2012-12-27,0.0
2012-12-28,-0.0
2012-12-31,-0.0
2013-01-02,0.0
2013-01-03,0.0
2013-01-04,-0.0
2013-01-07,0.0
2013-01-08,-0.0
2013-01-09,0.0
2013-01-10,0.0
2013-01-11,-0.0
2013-01-14,-0.0
2013-01-15,0.0
2013-01-16,-0.0
2013-01-17,0.0
2013-01-18,-0.0
2013-01-22,0.0
2013-01-23,0.0
2013-01-24,-0.0
2013-01-25,0.0
2013-01-28,-0.0
2013-01-29,-0.0
2013-01-30,0.0
2013-01-31,-0.0
2013-02-01,-0.0
2013-02-04,0.0
2013-02-05,-0.0
2013-02-06,0.0
2013-02-07,0.0
2013-02-08,0.0
2013-02-11,-0.0
2013-02-12,0.0
2013-02-13,-0.0
2013-02-14,0.0
2013-02-15,0.0
2013-02-19,-0.0
2013-02-20,-0.0
2013-02-21,0.0
2013-02-22,-0.0
2013-02-25,-0.0
2013-02-26,0.0
2013-03-01,0.0
2013-03-04,0.005114369325455684
2013-03-08,0.02376929466355448
2013-03-11,0.0
2013-03-12,-0.0
2013-03-14,-0.0
2013-03-15,-0.0
2013-03-18,0.0
2013-03-19,-0.0
2013-03-20,0.0
2013-03-21,0.0
2013-03-22,0.0
2013-03-25,-0.0
2013-03-26,0.0
2013-03-27,-0.0
2013-03-28,0.0
2013-04-02,-0.0
2013-04-03,0.0
2013-04-04,0.0
2013-04-05,-0.0
2013-04-08,-0.0
2013-04-09,0.0
2013-04-10,-0.0
2013-04-11,0.0
2013-04-12,0.0
2013-04-15,-0.0
2013-04-16,0.0
2013-04-17,-0.0
2013-04-18,0.0
2013-04-19,-0.0
2013-04-22,0.0
2013-04-23,-0.0
2013-04-24,0.0
2013-04-25,0.0
2013-04-26,-0.0
2013-04-29,0.0
2013-04-30,-0.0
2013-05-03,0.0
2013-05-07,-0.0
2013-05-08,0.0
2013-05-09,-0.0
2013-05-10,-0.0
2013-05-13,-0.0
2013-05-14,-0.0
2013-05-16,0.0
2013-05-17,-0.0
2013-05-20,0.0
2013-05-21,-0.0
2013-05-22,-0.0
2013-05-23,0.0
2013-05-24,-0.0
2013-05-28,-0.0
2013-05-29,0.0
2013-05-30,0.0
2013-05-31,-0.0
2013-06-03,0.0
2013-06-04,-0.0
2013-06-05,-0.0
2013-06-06,0.0
2013-06-07,-0.0
2013-06-10,0.0
2013-06-11,0.0
2013-06-12,0.0
2013-06-13,-0.0
2013-06-14,-0.0
2013-06-17,0.0
2013-06-18,0.0
2013-06-19,-0.0
2013-06-20,0.0
2013-06-21,-0.0
2013-06-24,0.0
2013-06-25,-0.0
2013-06-26,0.0
2013-07-01,-0.0
2013-07-05,-0.0
2013-07-09,-0.0
2013-07-10,0.0
2013-07-17,-0.0
2013-07-18,0.0
2013-07-19,0.0
2013-07-22,0.0
2013-07-23,-0.0
2013-07-24,-0.0
2013-07-25,0.0
2013-07-26,-0.0
2013-07-29,-0.0
2013-07-30,0.0
2013-07-31,0.0
2013-08-01,0.0
2013-08-02,0.0
2013-08-05,-0.0
2013-08-06,0.0
2013-08-07,0.0
2013-08-08,-0.0
2013-08-09,-0.0
2013-08-12,0.0
2013-08-13,-0.0
2013-08-14,0.0
2013-08-15,-0.0
2013-08-16,-0.0
2013-08-19,0.0
2013-08-20,-0.0
2013-08-21,-0.0
2013-08-22,-0.0
2013-08-23,0.0
2013-08-26,0.0
2013-08-27,-0.0
2013-08-28,0.0
2013-08-29,-0.0
2013-08-30,-0.0
2013-09-03,0.0
2013-09-04,0.0
2013-09-05,-0.0
2013-09-06,-0.0
2013-09-10,-0.0
2013-09-11,0.0
2013-09-12,0.0
2013-09-16,0.0
2013-09-17,0.0
2013-09-18,-0.0
2013-09-19,-0.0
2013-09-20,0.0
2013-09-23,-0.0
2013-09-24,0.0
2013-09-25,-0.0
2013-09-26,0.0
2013-09-27,0.0
2013-09-30,-0.0
2013-10-01,0.0
2013-10-02,0.0
2013-10-03,-0.0
2013-10-04,0.0
2013-10-07,0.0
2013-10-08,0.0
2013-10-09,-0.0
2013-10-10,0.0
2013-10-11,-0.0
2013-10-14,0.0
2013-10-15,0.0
2013-10-16,-0.0
2013-10-17,0.0
2013-10-18,0.009334569705441456
2013-10-21,0.0
2013-10-22,0.0
2013-10-23,-0.0
2013-10-24,0.0
2013-10-25,0.0
2013-10-28,0.0
2013-10-29,-0.0
2013-10-30,0.0
2013-10-31,0.004159805780539327
2013-11-01,0.005603996444910339
2013-11-04,-0.013559436025832993
2013-11-05,-0.0061538636064893855
2013-11-06,0.006359530512751309
2013-11-07,0.008682158263221842
2013-11-08,0.010964172285873455
2013-11-11,0.0
2013-11-12,-0.0
2013-11-13,0.0
2013-11-14,-0.0
2013-11-15,0.0
2013-11-18,0.0
2013-11-19,0.0
2013-11-20,0.0
2013-11-21,0.0
2013-11-22,-0.0
2013-11-25,-0.0
2013-11-26,0.0
2013-11-27,-0.006802404077607047
2013-11-29,0.007587445435080041
2013-12-02,-0.00668211626201678
2013-12-03,-0.0028133076662671223
2013-12-04,0.008811501391575272
2013-12-05,0.0043285866916548945
2013-12-06,-0.010856215656654226
2013-12-09,-0.003356617597281796
2013-12-10,0.011597992009701658
2013-12-11,0.005780532613919141
2013-12-12,-0.010409835217748272
2013-12-16,0.02493232675924745
2013-12-17,-0.0
2013-12-18,0.0
2013-12-19,-0.0
2013-12-20,0.0
2013-12-23,-0.0
2013-12-24,-0.0
2013-12-27,-0.0
2013-12-30,0.0
2013-12-31,-0.0
2014-01-02,-0.0
2014-01-03,0.0
2014-01-06,0.0
2014-01-07,0.0
2014-01-08,0.0
2014-01-09,-0.0
2014-01-10,-0.0
2014-01-13,-0.0
2014-01-14,0.010774482403142655
2014-01-15,-0.0043536010824625476
2014-01-16,-0.0008279183757443209
2014-01-17,0.002451977352523692
2014-01-21,-0.0026721723799269766
2014-01-22,0.007473106509661896
2014-01-23,-0.0
2014-01-24,-0.0
2014-01-27,0.0
2014-01-28,-0.0
2014-01-29,0.0
2014-01-30,-0.0
2014-01-31,-0.0
2014-02-03,0.0
2014-02-04,0.0
2014-02-05,-0.0
2014-02-06,0.0
2014-02-07,-0.0
2014-02-10,-0.0
2014-02-11,0.0
2014-02-12,-0.0
2014-02-13,-0.0
2014-02-14,0.005814928779489794
2014-02-18,-0.006180683899437622
2014-02-19,0.005264037805856015
2014-02-20,0.0073267886650773585
2014-02-21,-0.0
2014-02-24,0.0
2014-02-25,0.0
2014-02-26,-0.0
2014-02-27,-0.0
2014-02-28,-0.0
2014-03-03,-0.0
2014-03-04,-0.0
2014-03-06,0.025312544949520323
2014-03-07,0.0
2014-03-10,-0.0
2014-03-11,0.0
2014-03-12,-0.0
2014-03-13,0.0
2014-03-17,-0.0
2014-03-18,-0.0
2014-03-19,-0.0
2014-03-20,0.0
2014-03-21,-0.0
2014-03-24,-0.0
2014-03-25,0.0
2014-03-26,0.0
2014-03-27,-0.0
2014-03-28,0.0
2014-03-31,-0.0
2014-04-01,0.0
2014-04-02,0.0
2014-04-03,-0.0
2014-04-04,0.0
2014-04-07,-0.0
2014-04-08,0.0
2014-04-09,-0.0
2014-04-10,-0.0
2014-04-11,-0.0
2014-04-14,0.0
2014-04-15,-0.0
2014-04-16,0.0
2014-04-17,-0.0
2014-04-22,0.0
2014-04-23,0.0
2014-04-24,-0.0
2014-04-25,0.0
2014-04-28,-0.0
2014-04-30,0.0
2014-05-01,-0.0
2014-05-02,0.0
2014-05-05,0.0
2014-05-06,0.0
2014-05-07,-0.0
2014-05-08,0.0
2014-05-12,0.0
2014-05-13,-0.0
2014-05-14,0.01090289879216003
2014-05-15,-0.0
2014-05-16,0.0
2014-05-19,-0.0
2014-05-20,0.0
2014-05-21,0.0
2014-05-22,-0.0
2014-05-23,0.0
2014-05-27,-0.0
2014-05-28,-0.003184756568811352
2014-05-29,0.007751125222055349
2014-05-30,-0.006938179454285098
2014-06-02,0.0025432731251713477
2014-06-03,0.00011107729721691667
2014-06-04,-0.0008538134093376282
2014-06-05,0.006637057035565772
2014-06-06,-0.012118247134107458
2014-06-09,0.005899414709367426
2014-06-10,-0.003071748330348954
2014-06-11,0.007693842946968156
2014-06-12,-0.01005737207931421
2014-06-13,0.00356281118546763
2014-06-16,0.0008110996922557718
2014-06-17,0.002079824583290036
2014-06-18,-0.0008391423847343777
2014-06-19,0.003477866775744732
2014-06-20,-0.00967320686719559
2014-06-23,0.0020284644410316337
2014-06-24,-0.007387306817013
2014-06-25,0.0026196791884779505
2014-06-26,-0.001442912016815841
2014-06-27,0.00509366199828877
2014-07-02,-0.006278243121208564
2014-07-07,0.004978463657184738
2014-07-09,0.007243738703471997
2014-07-10,-0.008795979904569018
2014-07-11,3.19894161151745e-05
2014-07-15,0.014340714729937556
2014-07-17,-0.0
2014-07-18,0.0009831911270977117
2014-07-21,0.003774780468771756
2014-07-22,-0.0027574961299387303
2014-07-23,0.01154453438981295
2014-07-24,0.0
2014-07-25,0.0
2014-07-28,0.0
2014-07-29,-0.0
2014-07-30,-0.0
2014-07-31,-0.0
2014-08-01,0.0
2014-08-04,0.0
2014-08-05,0.0
2014-08-06,-0.0
2014-08-07,0.0
2014-08-08,-0.0
2014-08-11,0.0
2014-08-12,-0.0
2014-08-13,-0.0
2014-08-14,-0.0
2014-08-15,-0.0015636737655012711
2014-08-18,0.012051643596225226
2014-08-19,-0.010247253713483251
2014-08-20,0.006018889898091966
2014-08-21,0.002568666362327778
2014-08-22,-0.0017187737811810604
2014-08-25,0.009972994237971421
2014-08-26,-0.0
2014-08-27,0.0
2014-08-28,-0.0
2014-08-29,0.0
2014-09-02,0.0
2014-09-04,0.0
2014-09-05,-0.0
2014-09-08,-0.0
2014-09-09,0.0
2014-09-10,-0.0
2014-09-11,-0.0
2014-09-12,-0.0
2014-09-16,0.006934665644049771
2014-09-17,0.00881876573770099
2014-09-18,0.0
2014-09-19,-0.0
2014-09-22,0.0
2014-09-23,-0.0
2014-09-24,-0.0
2014-09-25,0.0
2014-09-26,-0.0
2014-09-29,0.0
2014-09-30,-0.0
2014-10-01,0.0
2014-10-02,-0.0
2014-10-03,-0.0
2014-10-06,0.0
2014-10-07,-0.0
2014-10-08,-0.0
2014-10-09,0.0
2014-10-10,-0.0
2014-10-13,-0.0
2014-10-14,0.0
2014-10-15,-0.0
2014-10-16,-0.0
2014-10-17,-0.0
2014-10-20,0.0
2014-10-21,-0.0
2014-10-22,-0.0
2014-10-23,0.0
2014-10-24,0.0
2014-10-27,-0.0
2014-10-28,0.0
2014-10-29,-0.0
2014-10-30,0.0
2014-10-31,-0.0
2014-11-03,0.0
2014-11-04,-0.0
2014-11-05,-0.0
2014-11-06,0.0
2014-11-07,-0.0
2014-11-10,0.0
2014-11-11,-0.0
2014-11-12,-0.0
2014-11-13,0.0
2014-11-14,0.0
2014-11-17,-0.0
2014-11-18,0.0
2014-11-19,0.0
2014-11-20,0.0
2014-11-21,-0.0
2014-11-25,0.0
2014-12-01,-0.0
2014-12-02,-0.0
2014-12-04,-0.0
2014-12-05,-0.0
2014-12-08,0.0
2014-12-09,0.0
2014-12-10,-0.0
2014-12-11,0.0
2014-12-12,0.0
2014-12-16,-0.0
2014-12-17,-0.0
2014-12-18,0.0
2014-12-19,-0.0
2014-12-22,0.0
2014-12-23,-0.0
2014-12-24,0.0
2014-12-26,-0.0
2014-12-29,0.0
2014-12-30,0.0
2014-12-31,-0.0
2015-01-02,0.0
2015-01-05,0.0
2015-01-06,-0.0
2015-01-07,0.0
2015-01-08,0.0
2015-01-09,-0.0
2015-01-12,-0.0
2015-01-13,-0.0
2015-01-14,0.0
2015-01-15,-0.0
2015-01-16,0.0
2015-01-20,0.0
2015-01-21,-0.0
2015-01-22,-0.0
2015-01-23,0.0
2015-01-26,0.0
2015-01-27,-0.0
2015-01-28,-0.0
2015-01-29,-0.0
2015-01-30,-0.006438802972597149
2015-02-02,0.005233888919518049
2015-02-03,0.0011911955717979102
2015-02-04,-0.0022858883468712503
2015-02-05,-0.0010770722152113957
2015-02-06,-0.006108339430061588
2015-02-09,0.01077783915492712
2015-02-10,0.0032341509151668883
2015-02-11,-0.002312719867839026
2015-02-12,0.023428247830805958
2015-02-13,-0.017256189075774652
2015-02-17,0.0233774984090043
2015-02-18,0.00829273516944971
2015-02-19,-0.006232952407302593
2015-02-20,-0.0036978516249080266
2015-02-23,0.013963690796446628
2015-02-24,-0.002475547172276096
2015-02-25,0.010110922167662323
2015-02-26,-0.022623537701568126
2015-02-27,0.03026661707550013
2015-03-02,-0.0
2015-03-03,-0.01948306692232992
2015-03-04,-0.0
2015-03-05,-0.0024382167426669848
2015-03-06,0.0065687845519019974
2015-03-09,-0.010820357364264174
2015-03-10,-0.010682495120568337
2015-03-11,-0.0
2015-03-13,0.005290842289982087
2015-03-17,0.029366234859650953
2015-03-18,0.0
2015-03-19,-0.0
2015-03-20,0.0
2015-03-23,-0.0
2015-03-24,-0.0
2015-03-25,0.0
2015-03-26,-0.0
2015-03-27,0.0
2015-03-30,-0.0
2015-03-31,0.0
2015-04-01,0.0
2015-04-02,-0.0
2015-04-06,0.0
2015-04-07,-0.0
2015-04-08,0.0
2015-04-09,-0.0
2015-04-10,0.0
2015-04-13,-0.004771197356591317
2015-04-14,-0.00932094490443136
2015-04-15,0.010623639124421177
2015-04-16,-0.0029742778321033767
2015-04-17,-0.0035580096797947084
2015-04-20,0.009875466370638184
2015-04-21,8.076611726496891e-05
2015-04-22,-0.006263417774668874
2015-04-23,0.002725514068613811
2015-04-24,0.0070055360035361225
2015-04-27,0.0018855939227462055
2015-04-28,0.0
2015-04-29,0.01953844005534709
2015-04-30,0.005490919476289911
2015-05-08,-0.0
2015-05-11,-0.0
2015-05-14,0.0
2015-05-15,0.0
2015-05-18,-0.0
2015-05-19,-0.0
2015-05-20,0.0
2015-05-21,0.0
2015-05-22,0.01395430320658456
2015-05-26,0.0
2015-05-27,-0.0
2015-05-28,0.0
2015-05-29,-0.0
2015-06-01,0.0
2015-06-02,0.0
2015-06-03,0.004679650529697961
2015-06-04,0.0002584710596996321
2015-06-05,0.009484811385216316
2015-06-08,0.0
2015-06-09,-0.0
2015-06-10,0.0
2015-06-11,-0.0
2015-06-12,0.0
2015-06-15,0.0
2015-06-16,-0.0
2015-06-17,0.0
2015-06-18,0.0
2015-06-19,0.0004130993570035826
2015-06-22,0.007389418950744261
2015-06-23,-0.012752555887504206
2015-06-25,-0.0018224847476058727
2015-06-26,-0.0038529097017261146
2015-06-29,-0.002270669175909509
2015-06-30,0.0073626171461965585
2015-07-06,-0.010257168222050552
2015-07-07,0.01806359159597031
2015-07-10,-0.02493981071516682
2015-07-14,0.0023814456835090717
2015-07-15,0.010304211224812398
2015-07-17,0.007764246846988482
2015-07-20,-0.0004843801628585695
2015-07-21,0.002445355033447795
2015-07-22,0.0008881163001942805
2015-07-23,0.0035289297683254238
2015-07-24,-0.00029084172216505347
2015-07-27,0.004267089307151488
2015-07-28,0.0
2015-07-29,-0.0
2015-07-30,0.0
2015-07-31,-0.0
2015-08-03,-0.0
2015-08-04,0.0
2015-08-05,0.0
2015-08-06,-0.0
2015-08-07,-0.0
2015-08-10,0.0
2015-08-11,-0.0
2015-08-12,-0.0
2015-08-13,-0.0
2015-08-14,0.0
2015-08-17,-0.0
2015-08-18,0.0
2015-08-19,-0.0
2015-08-20,0.0
2015-08-21,0.0
2015-08-24,-0.0
2015-08-25,-0.0
2015-08-26,-0.0
2015-08-27,0.0
2015-08-28,-0.0
2015-08-31,0.0
2015-09-01,0.0
2015-09-02,-0.0
2015-09-08,0.0
2015-09-10,0.00833451081293633
2015-09-11,6.853644502421784e-05
2015-09-14,0.003945398589269714
2015-09-16,0.0
2015-09-17,-0.0
2015-09-18,0.0
2015-09-21,0.0
2015-09-22,-0.0
2015-09-23,0.0
2015-09-24,0.0
2015-09-25,-0.0
2015-09-28,0.0
2015-09-29,0.0
2015-09-30,-0.0
2015-10-01,-0.0
2015-10-02,0.0
2015-10-05,-0.0
2015-10-06,0.0
2015-10-07,-0.0
2015-10-08,-0.0
2015-10-09,-0.0
2015-10-12,0.0
2015-10-13,-0.0
2015-10-14,0.0
2015-10-15,-0.0
2015-10-16,-0.0
2015-10-19,0.0
2015-10-20,0.0
2015-10-21,-0.0
2015-10-22,-0.0
2015-10-23,0.0
2015-10-26,0.0
2015-10-27,-0.0
2015-10-28,0.0
2015-10-29,0.0
2015-10-30,0.0
2015-11-02,-0.0
2015-11-03,-0.0
2015-11-04,0.0
2015-11-05,-0.0
2015-11-06,-0.0
2015-11-09,0.0
2015-11-10,-0.0
2015-11-11,0.0
2015-11-12,-0.0
2015-11-13,-0.0
2015-11-16,0.0
2015-11-17,-0.0
2015-11-18,0.0
2015-11-19,0.0
2015-11-20,-0.0
2015-11-23,0.0
2015-11-24,-0.0
2015-11-25,0.0
2015-11-30,0.0
2015-12-01,-0.0015513432831124182
2015-12-02,0.010268333891173018
2015-12-04,-0.01380952799361974
2015-12-07,0.00035809220739778033
2015-12-08,0.001124163564114728
2015-12-09,-0.006826472847617085
2015-12-10,0.002595774718512729
2015-12-11,0.005061393980966272
2015-12-14,-0.007605153460605726
2015-12-16,0.014088526336645459
2015-12-17,0.01315436547308962
2015-12-18,0.0
2015-12-21,-0.0
2015-12-22,-0.0
2015-12-23,0.0
2015-12-24,-0.0
2015-12-28,-0.0
2015-12-29,0.0
2015-12-30,0.0
2015-12-31,-0.0
2016-01-04,-0.0
2016-01-05,-0.0
2016-01-06,-0.0
2016-01-07,0.0
2016-01-08,-0.0
2016-01-11,0.0
2016-01-12,-0.0
2016-01-13,0.0
2016-01-14,-0.0
2016-01-15,-0.0
2016-01-19,0.0
2016-01-20,0.0
2016-01-21,0.0
2016-01-22,0.0
2016-01-25,-0.0
2016-01-26,0.0
2016-01-27,-0.0
2016-01-28,0.0
2016-01-29,-0.0
2016-02-01,0.0
2016-02-02,-0.0
2016-02-03,0.0
2016-02-04,-0.0
2016-02-05,0.0
2016-02-08,-0.0
2016-02-09,0.0
2016-02-10,-0.0
2016-02-11,-0.0
2016-02-12,0.0
2016-02-16,-0.0
2016-02-17,0.023371278247214515
2016-02-18,-0.0
2016-02-19,-0.0
2016-02-22,-0.0
2016-02-23,0.0
2016-02-24,0.0
2016-02-25,0.0
2016-02-26,-0.0
2016-03-07,0.0
2016-03-15,-0.0
2016-03-16,0.012819023245940399
2016-03-17,0.01948517534178868
2016-03-18,-0.0
2016-03-21,-0.0
2016-03-22,-0.0
2016-03-23,-0.0
2016-03-24,0.011300205941848837
2016-03-29,
2016-03-30,-0.0
2016-03-31,0.0
2016-04-01,-0.0
2016-04-04,0.0
2016-04-05,-0.0
2016-04-06,0.0
2016-04-07,-0.0
2016-04-08,0.004075727582400806
2016-04-11,0.007485084298458226
2016-04-12,-0.0
2016-04-13,-0.0
2016-04-14,0.001274484565139337
2016-04-15,0.005571994277866135
2016-04-18,0.008963533192390934
2016-04-19,0.0
2016-04-21,-0.0
2016-04-22,0.0
2016-04-25,-0.0
2016-04-26,0.0
2016-04-27,-0.0
2016-04-28,0.0
2016-04-29,-0.0
2016-05-02,0.009217046407555099
2016-05-03,-0.0
2016-05-04,-0.0010813144657105772
2016-05-09,0.006465107317669833
2016-05-10,0.0
2016-05-11,-0.0
2016-05-12,0.0
2016-05-16,-0.0
2016-05-17,-0.004119622033540882
2016-05-18,0.006057328230935424
2016-05-19,-0.009744638284746532
2016-05-20,-0.006771593405206175
2016-05-23,-0.0009267714340561277
2016-05-24,0.00403438742432141
2016-05-25,-0.013357872531474881
2016-05-26,0.0
2016-05-27,-0.0015277696522459296
2016-05-31,0.010764551156025082
2016-06-01,0.0036305656170553258
2016-06-02,0.004707293856723832
2016-06-03,-0.008682676201219777
2016-06-06,0.009425756216234262
2016-06-07,0.008739760931172416
2016-06-08,0.0008488362930236422
2016-06-09,0.0030926412428020863
2016-06-10,0.0
2016-06-13,0.0
2016-06-14,-0.0
2016-06-15,0.0
2016-06-16,-0.0
2016-06-17,0.0
2016-06-20,0.0
2016-06-21,-0.0
2016-06-22,0.0
2016-06-23,-0.0
2016-06-24,-0.0
2016-06-27,0.040212512098057436
2016-06-28,0.014551089289624619
2016-06-29,0.0
2016-06-30,-0.0
2016-07-01,0.0
2016-07-05,-0.0
2016-07-06,0.0
2016-07-07,0.0
2016-07-08,0.0
2016-07-11,-0.0
2016-07-12,0.0
2016-07-15,-0.0
2016-07-18,0.008576337856490784
2016-07-19,-0.017120085492130326
2016-07-20,0.0013373839640585077
2016-07-21,-0.005503040719736632
2016-07-22,-0.015081766992746888
2016-07-25,0.01288973945757287
2016-07-26,-0.002161769811644426
2016-07-27,0.001801752361859664
2016-07-28,-0.0033300734056709866
2016-07-29,0.008558254253390803
2016-08-01,0.006525573573888256
2016-08-02,0.003129269831840068
2016-08-03,0.006263744112169824
2016-08-04,-0.008519640003992178
2016-08-05,0.010245311294730868
2016-08-08,0.019289632974796536
2016-08-09,-0.0
2016-08-10,0.0
2016-08-11,-0.0
2016-08-12,0.0
2016-08-15,-0.0
2016-08-16,0.0
2016-08-17,-0.0
2016-08-18,0.0
2016-08-19,-0.0
2016-08-22,0.0
2016-08-23,-0.0
2016-08-24,0.0
2016-08-25,0.0
2016-08-29,-0.0
2016-08-30,0.020376612046913472
2016-09-02,0.016053122629920053
2016-09-06,0.0
2016-09-07,-0.0
2016-09-09,-0.0
2016-09-12,0.0
2016-09-13,-0.0
2016-09-14,0.0
2016-09-16,-0.0
2016-09-19,0.0
2016-09-20,-0.0
2016-09-21,0.0
2016-09-22,0.0
2016-09-23,-0.0
2016-09-26,0.0
2016-09-27,0.0
2016-09-28,-0.0
2016-09-29,-0.0
2016-09-30,0.0
2016-10-03,-0.0
2016-10-04,0.0
2016-10-05,0.0
2016-10-06,-0.0
2016-10-07,0.0
2016-10-10,-0.0
2016-10-11,0.0
2016-10-12,0.0
2016-10-13,0.0
2016-10-14,-0.0
2016-10-17,0.0
2016-10-18,0.0
2016-10-19,-0.0013290666237351961
2016-10-20,-0.00041633493190494923
2016-10-21,-0.0017810080008930093
2016-10-24,-0.002901547702419748
2016-10-25,0.0014420574518997694
2016-10-26,-0.004066492928218184
2016-10-27,0.013305483024473182
2016-10-28,-0.011855921995673854
2016-10-31,0.003064807553067718
2016-11-01,0.005466616793111088
2016-11-02,-0.009641857922425057
2016-11-03,-0.0016562787856454365
2016-11-04,0.014503858922742398
2016-11-07,0.016232531405253003
2016-11-08,-0.0
2016-11-09,0.0
2016-11-10,-0.0
2016-11-11,-0.0
2016-11-14,-0.0
2016-11-15,-0.0001277521841136311
2016-11-16,0.013936235850593233
2016-11-17,0.0077400183527502695
2016-11-18,-0.0
2016-11-21,0.0
2016-11-22,-0.0
2016-11-25,-0.0
2016-11-28,0.0
2016-11-29,0.0
2016-11-30,-0.0
2016-12-01,0.0
2016-12-02,-0.0
2016-12-06,0.0
2016-12-09,0.0
2016-12-12,0.006399791050636278
2016-12-13,-0.0024639344308780217
2016-12-15,0.04823398908391689
2016-12-16,0.0
2016-12-19,-0.0
2016-12-20,0.0
2016-12-21,-0.0
2016-12-22,-0.0
2016-12-23,0.0
2016-12-27,-0.0007359391555565292
2016-12-28,0.013637951521018075
2016-12-29,0.00262718107953238
2016-12-30,0.0
2017-01-03,0.0
2017-01-04,0.0
2017-01-05,0.0
2017-01-06,-0.0
2017-01-09,-0.0
2017-01-10,0.0
2017-01-11,0.0
2017-01-12,0.0
2017-01-13,0.0
2017-01-17,-0.030366970064936334
2017-01-18,0.0396004730184171
2017-01-19,0.007852774199719068
2017-01-20,0.0
2017-01-23,0.0
2017-01-24,-0.0
2017-01-25,-0.0
2017-01-26,-0.0
2017-01-27,-0.0
2017-01-30,-0.0
2017-01-31,0.0
2017-02-01,0.0
2017-02-02,-0.0
2017-02-03,0.0
2017-02-06,-0.0
2017-02-07,0.0
2017-02-08,0.0
2017-02-09,-0.0
2017-02-10,-0.0
2017-02-13,0.0
2017-02-14,0.0
2017-02-15,0.0
2017-02-16,0.0
2017-02-17,-0.0
2017-02-22,0.0
2017-02-23,0.003421325107086153
2017-02-24,0.01569040191892651
2017-02-27,0.0
2017-02-28,-0.028110136718979096
2017-03-03,0.05196222275316398
2017-03-06,0.0
2017-03-17,0.019938875479777175
2017-03-20,-0.0
2017-03-21,0.0
2017-03-22,-0.0
2017-03-23,0.0
2017-03-24,-0.0
2017-03-27,0.0
2017-03-28,-0.0
2017-03-29,0.0
2017-03-30,0.0
2017-03-31,-0.0
2017-04-03,-0.0
2017-04-04,0.0
2017-04-05,0.0
2017-04-06,-0.0
2017-04-07,-0.0
2017-04-10,-0.0
2017-04-11,-0.0
2017-04-12,-0.0
2017-04-13,-0.0
2017-04-18,
2017-04-19,-0.0
2017-04-20,0.0
2017-04-21,-0.0
2017-04-25,0.0
2017-05-11,0.0
2017-05-16,-0.0
2017-05-17,0.0
2017-05-18,-0.0
2017-05-19,0.0
2017-05-22,-0.0
2017-05-23,-0.0
2017-05-24,-0.0
2017-05-25,0.0
2017-05-26,-0.0
2017-05-30,0.0
2017-05-31,0.0
2017-06-01,-0.0
2017-06-02,-0.0
2017-06-05,0.0
2017-06-06,-0.0
2017-06-07,0.0
2017-06-08,-0.0
2017-06-09,0.0
2017-06-12,-0.0
2017-06-13,-0.0
2017-06-14,0.0
2017-06-15,-0.0
2017-06-16,-0.0
2017-06-19,-0.0
2017-06-20,-0.0034489702275800104
2017-06-22,-0.015128763026376411
2017-06-28,0.005773379945942566
2017-06-29,0.013993688863881122
2017-07-03,0.00798151022989687
2017-07-06,0.020429737565184555
2017-07-07,-0.0
2017-07-13,-0.0
2017-07-17,0.0
2017-07-18,-0.0
2017-07-19,0.0
2017-07-20,-0.0
2017-07-21,0.0
2017-07-24,-0.0
2017-07-25,-0.0
2017-07-26,0.0
2017-07-27,0.0
2017-07-28,0.0
2017-07-31,-0.0
2017-08-01,-0.0
2017-08-02,0.0
2017-08-03,-0.0
2017-08-04,0.0
2017-08-07,-0.0
2017-08-08,0.0
2017-08-09,0.0
2017-08-10,-0.0
2017-08-11,0.0
2017-08-14,-0.0
2017-08-15,-0.0
2017-08-16,0.0
2017-08-17,0.0
2017-08-18,-0.0
2017-08-21,0.0
2017-08-22,-0.0
2017-08-23,0.0
2017-08-24,0.0
2017-08-29,-0.0
2017-08-30,-0.0
2017-08-31,0.0
2017-09-01,0.0
2017-09-06,0.0
2017-09-08,0.0
2017-09-12,-0.007989794357850804
2017-09-15,0.0366161803963453
2017-09-18,-0.0
2017-09-19,0.0
2017-09-20,0.0
2017-09-21,0.0
2017-09-22,-0.0
2017-09-25,0.0
2017-09-26,-0.0
2017-09-27,0.0
2017-09-28,-0.0
2017-09-29,0.0
2017-10-02,-0.0
2017-10-03,0.0
2017-10-04,0.0
2017-10-05,-0.0
2017-10-06,-0.0
2017-10-09,0.0
2017-10-10,0.0
2017-10-11,0.0
2017-10-12,-0.0
2017-10-13,-0.0
2017-10-16,-0.0
2017-10-17,-0.0
2017-10-18,0.0
2017-10-19,0.0
2017-10-20,-0.0
2017-10-23,0.0
2017-10-24,-0.0
2017-10-25,0.0
2017-10-26,0.002469765859724415
2017-10-27,-0.006794468003078062
2017-10-30,-0.00041920595410542376
2017-10-31,0.006763974793928641
2017-11-01,0.0026668715494643537
2017-11-02,0.015566973284886342
2017-11-03,0.0
2017-11-06,0.0
2017-11-07,0.0
2017-11-08,0.0011153587104213987
2017-11-09,0.00843699743443884
2017-11-10,-0.007333053891127107
2017-11-13,0.004678183424779735
2017-11-14,0.008365024912752966
2017-11-15,-0.01874765172821733
2017-11-16,0.027491560601559113
2017-11-17,-0.007537737031167923
2017-11-20,-0.007493548940321108
2017-11-22,-0.0033205355696330867
2017-11-24,-0.006962132001202604
2017-11-28,0.010171384298957517
2017-11-29,-0.026334649517592353
2017-11-30,0.0017027392183043555
2017-12-05,0.0095862054876691
2017-12-06,-0.00796525290853381
2017-12-07,0.014497055402769446
2017-12-08,0.0018435178708384303
2017-12-13,0.08577358769431014
2017-12-14,-0.046353754309911656
2017-12-15,0.0
2017-12-18,0.0
2017-12-19,-0.0
2017-12-20,-0.0
2017-12-21,0.0
2017-12-22,-0.0
2017-12-26,0.0
2017-12-27,0.0
2017-12-28,-0.0
2017-12-29,0.0
2018-01-02,0.0
2018-01-03,-0.0
2018-01-04,0.0
2018-01-05,0.0
2018-01-08,0.0
2018-01-09,-0.0
2018-01-10,0.0
2018-01-11,-0.0
2018-01-12,0.0
2018-01-16,-0.0
2018-01-17,0.0
2018-01-18,-0.0
2018-01-19,-0.0
2018-01-22,0.0
2018-01-23,-0.0
2018-01-24,0.0
2018-01-25,-0.0
2018-01-26,0.0
2018-01-29,-0.0
2018-01-30,0.0
2018-01-31,-0.0
2018-02-01,0.0
2018-02-02,-0.0
2018-02-05,0.0
2018-02-06,0.0
2018-02-07,-0.0
2018-02-08,0.0
2018-02-09,-0.0
2018-02-12,-0.0
2018-02-13,0.0
2018-02-14,0.0
2018-02-15,0.0
2018-02-16,-0.0005416450533286547
2018-02-20,0.009544651884670552
2018-02-21,0.003554844151640559
2018-02-22,-0.011687471028026433
2018-02-26,-0.005389181609015373
2018-02-27,0.0035483806282867996
2018-02-28,0.013806356809782535
2018-03-01,-0.01205047129528521
2018-03-05,-0.008800384023378988
2018-03-06,0.009488738713229231
2018-03-07,0.0009727509654555151
2018-03-08,0.015809839429926826
2018-03-13,0.0
2018-03-15,0.01498734939288559
2018-03-16,0.00023562856980426138
2018-03-19,-0.006756112013443186
2018-03-20,0.004659689983466015
2018-03-21,-0.00957069151945086
2018-03-22,0.01837313877693947
2018-03-23,-0.024219739647188855
2018-03-26,0.0004766216058913568
2018-03-27,0.006221891115204364
2018-03-28,0.004208065602835605
2018-03-29,-0.019940249154525604
2018-04-03,0.016816344640161424
2018-04-04,0.0028586097171234884
2018-04-05,-0.010120347733700196
2018-04-06,-0.005957643431905892
2018-04-09,0.004825448759029391
2018-04-10,0.002408477494436208
2018-04-11,-0.0024328674493792335
2018-04-12,-0.005940061663850304
2018-04-13,-0.006576029592104216
2018-04-16,-0.022660366731251127
2018-04-17,-0.0
2018-04-18,-0.026686424880420126
2018-04-19,0.0
2018-04-20,-0.00042124814651630206
2018-04-25,0.0
2018-04-26,0.024905960745018923
2018-05-01,0.0
2018-05-02,0.009882969779534179
2018-05-03,-0.0
2018-05-09,0.008981496188848814
2018-05-11,-0.03653714518385609
2018-05-14,-0.0
2018-05-16,0.048669949182264714
2018-05-17,0.01753704970742872
2018-05-18,-0.0035805816308289076
2018-05-21,0.010016840566802465
2018-05-22,-0.005187738886487743
2018-05-23,0.011683225050411404
2018-05-24,-0.01093503585412532
2018-05-25,0.008617403038730063
2018-05-29,0.0077512265539085475
2018-05-30,-0.01244463674380156
2018-05-31,0.0038527759874724087
2018-06-01,-0.004216885605528732
2018-06-04,0.014740735345015705
2018-06-05,-0.010198696643666905
2018-06-06,0.009560763763300955
2018-06-07,-0.004709828450574702
2018-06-08,-0.005372030826246557
2018-06-11,-0.0039684279074061945
2018-06-12,-0.014297435571614971
2018-06-13,-0.014832843123118923
2018-06-14,-0.003846530790262658
2018-06-15,-0.004341900910810471
2018-06-18,0.02028522000248787
2018-06-19,0.03502463740441619
2018-06-21,0.0
2018-06-22,-0.0
2018-06-25,0.0
2018-06-26,-0.0
2018-07-10,0.0
2018-07-13,0.0
2018-07-17,0.0
2018-07-18,-0.0
2018-07-19,-0.0
2018-07-20,0.0
2018-07-23,-0.0
2018-07-24,-0.0
2018-07-25,0.0
2018-07-26,-0.0
2018-07-27,-0.0
2018-07-30,0.0
2018-07-31,-0.0
2018-08-01,0.0
2018-08-02,-0.0
2018-08-03,-0.0
2018-08-06,0.0
2018-08-07,0.0
2018-08-08,-0.0
2018-08-09,0.0
2018-08-10,0.0
2018-08-13,0.0
2018-08-14,0.0
2018-08-15,-0.0
2018-08-16,0.0
2018-08-17,0.0
2018-08-20,0.0
2018-08-21,0.017255977853552058
2018-08-22,-0.010863243293293624
2018-08-23,0.009480058925875232
2018-08-28,
2018-08-29,-0.01006067369863589
2018-08-30,0.01137991061431418
2018-09-04,-0.0010907939923761444
2018-09-06,-0.011771428458044691
2018-09-11,-0.033471589669819966
2018-09-12,-0.029030271720464955
2018-09-14,0.09740749087835204
2018-09-17,-0.009267141351471584
2018-09-18,0.001039229976608269
2018-09-19,0.015094127278481514
2018-09-20,0.0
2018-09-21,-0.0
2018-09-24,0.0
2018-09-25,0.0
2018-09-26,-0.0
2018-09-27,-0.0
2018-09-28,-0.0
2018-10-01,-0.0
2018-10-02,-0.0
2018-10-03,-0.0
2018-10-04,-0.0
2018-10-05,0.0
2018-10-08,0.0
2018-10-09,-0.0
2018-10-10,0.0
2018-10-11,-0.0
2018-10-12,-0.0
2018-10-15,0.0
2018-10-16,0.0
2018-10-17,-0.0
2018-10-18,-0.0
2018-10-19,0.0
2018-10-22,-0.0
2018-10-23,0.0
2018-10-24,-0.0
2018-10-25,0.0
2018-10-26,0.0
2018-10-29,-0.0
2018-10-30,0.0
2018-10-31,0.0
2018-11-01,0.0
2018-11-02,-0.0
2018-11-05,0.0
2018-11-06,0.0
2018-11-07,-0.0
2018-11-08,-0.0
2018-11-09,-0.0
2018-11-12,0.0
2018-11-13,0.0
2018-11-14,-0.0
2018-11-15,-0.0
2018-11-16,0.0
2018-11-19,-0.0
2018-11-20,-0.0
2018-11-23,-0.0
2018-11-26,0.0
2018-12-06,0.0
2018-12-07,-0.0
2018-12-14,-0.0
2018-12-17,0.0
2018-12-18,0.0
2018-12-19,-0.0
2018-12-20,-0.0
2018-12-21,0.0
2018-12-24,0.0
2018-12-26,0.0
2018-12-27,0.04758818978860815
2018-12-28,-0.008450656244729494
2018-12-31,-0.008501878107872996
2019-01-02,0.01102187150035586
2019-01-03,-0.013461670709748574
2019-01-04,0.008222700849206609
2019-01-07,-0.0007013235987292504
2019-01-08,0.002802802203804058
2019-01-09,-0.0009384062532433457
2019-01-10,0.0032269529233347315
2019-01-11,-0.013824436725162217
2019-01-14,0.004521082959463426
2019-01-15,0.02771631410297195
2019-01-16,0.0
2019-01-17,0.0
2019-01-18,-0.0
2019-01-22,0.0
2019-01-23,-0.0
2019-01-24,-0.0
2019-01-25,0.0
2019-01-28,-0.0
2019-01-29,-0.0
2019-01-30,-0.0
2019-01-31,0.0
2019-02-01,-0.0
2019-02-04,-0.0
2019-02-05,-0.0
2019-02-06,-0.0
2019-02-07,-0.0
2019-02-08,-0.0
2019-02-11,-0.0
2019-02-12,0.0
2019-02-13,0.0
2019-02-14,-0.0
2019-02-15,0.0
2019-02-19,-0.0
2019-02-20,-0.0
2019-02-22,0.0
2019-02-25,-0.0
2019-02-26,-0.0
2019-03-01,-0.0
2019-03-08,0.0
2019-03-11,-0.0
2019-03-13,0.0
2019-03-15,-0.0
2019-03-18,-0.0
2019-03-19,0.0
2019-03-20,-0.0
2019-03-21,-0.0
2019-03-22,0.0
2019-03-25,-0.0
2019-03-26,-0.0
2019-03-27,0.0
2019-03-28,-0.0
2019-03-29,0.0
2019-04-01,0.0
2019-04-02,-0.0
2019-04-03,0.0
2019-04-04,-0.0
2019-04-05,0.0
2019-04-08,0.0
2019-04-09,-0.0
2019-04-10,-0.0
2019-04-11,-0.0
2019-04-12,0.0
2019-04-15,0.0
2019-04-16,-0.0
2019-04-17,-0.0
2019-04-18,0.0
2019-04-23,
2019-04-24,-0.0039865671298813885
2019-04-25,0.008451755743965752
2019-04-30,-0.010259487449825633
2019-05-02,-0.046018948167496986
2019-05-08,
2019-05-10,0.013482366117100155
2019-05-16,0.08919360556478485
2019-05-17,0.0
2019-05-20,0.0
2019-05-21,0.0
2019-05-22,-0.0
2019-05-23,0.0
2019-05-24,0.0
2019-05-28,-0.0
2019-05-29,-0.0
2019-05-30,-0.0
2019-05-31,-0.0
2019-06-03,-0.0
2019-06-04,-0.0
2019-06-05,0.0
2019-06-06,0.0
2019-06-07,0.0
2019-06-10,0.0
2019-06-11,0.0
2019-06-12,0.008892863166870713
2019-06-13,0.002771997080530591
2019-06-14,0.018740960684732064
2019-06-17,0.0
2019-06-18,0.0
2019-06-19,0.0
2019-06-20,0.0028648564356521743
2019-06-24,-0.0001983894997781635
2019-06-26,0.00570254930718978
2019-07-03,-0.018047332246018406
2019-07-12,-0.0131339963763689
2019-07-17,0.054932896465264294
2019-07-18,0.0
2019-07-19,0.0
2019-07-22,0.0
2019-07-23,-0.0
2019-07-24,-0.0
2019-07-25,-0.0
2019-07-26,-0.0
2019-07-29,-0.0
2019-07-30,0.0
2019-07-31,0.0
2019-08-01,-0.0
2019-08-02,-0.0
2019-08-05,0.0
2019-08-06,-0.0
2019-08-07,-0.0
2019-08-08,-0.0
2019-08-09,0.0
2019-08-12,0.0
2019-08-13,-0.0
2019-08-14,0.0
2019-08-15,0.0
2019-08-16,-0.0
2019-08-19,-0.0
2019-08-20,0.0
2019-08-21,0.0
2019-08-23,0.0
2019-08-29,-0.0
2019-09-13,0.0
2019-09-16,0.056214286840318935
2019-09-17,0.0
2019-09-18,-0.0
2019-09-19,0.0
2019-09-20,0.0
2019-09-23,-0.0
2019-09-24,0.0
2019-09-25,-0.0
2019-09-26,0.0
2019-09-27,-0.0
2019-09-30,-0.0
2019-10-01,0.0
2019-10-02,0.0
2019-10-03,0.0
2019-10-04,-0.0
2019-10-07,-0.0
2019-10-08,0.0
2019-10-09,-0.0
2019-10-10,0.0
2019-10-11,0.0
2019-10-14,-0.0
2019-10-15,0.0
2019-10-16,-0.0
2019-10-17,-0.0
2019-10-18,-0.0
2019-10-21,0.0
2019-10-22,-0.0
2019-10-23,-0.0
2019-10-24,-0.0
2019-10-25,0.0
2019-10-28,0.0
2019-10-29,0.0
2019-10-30,0.0
2019-10-31,-0.0
2019-11-01,0.0
2019-11-04,0.0
2019-11-05,0.0
2019-11-06,-0.0
2019-11-07,0.0
2019-11-08,0.0
2019-11-11,0.0
2019-11-12,0.0
2019-11-13,0.0
2019-11-14,0.0
2019-11-15,0.0
2019-11-18,-0.0
2019-11-19,-0.0
2019-11-20,0.0
2019-11-25,-0.0
2019-11-26,-0.0
2019-11-27,0.0
2019-12-02,0.0
2019-12-03,0.0
2019-12-04,0.0
2019-12-05,0.0
2019-12-10,-0.0
2019-12-16,0.0
2019-12-17,-0.0
2019-12-18,-0.0
2019-12-19,-0.0
2019-12-20,-0.0
2019-12-23,-0.0
2019-12-24,0.0
2019-12-27,
2019-12-30,-0.0
2019-12-31,0.0
2020-01-02,-0.0
2020-01-03,0.0
2020-01-06,0.0
2020-01-07,-0.0
2020-01-08,-0.0
2020-01-09,0.0
2020-01-10,0.0
2020-01-13,-0.0
2020-01-14,-0.0
2020-01-15,0.0
2020-01-16,0.0
2020-01-17,0.0
2020-01-21,-0.0008442648679375816
2020-01-22,-0.0047169157364690475
2020-01-23,0.0009770740142237269
2020-01-24,-0.0014689828411614987
2020-01-27,0.0012528244063414776
2020-01-28,0.010334852951472632
2020-01-29,-0.011165545225873938
2020-01-30,-0.006319502125544458
2020-01-31,0.00033666834491810453
2020-02-03,0.009012750783412867
2020-02-04,-0.01809335322423685
2020-02-05,0.008741627400655386
2020-02-06,-0.019437916585035027
2020-02-07,-0.01279124507712528
2020-02-10,-0.011751278635211745
2020-02-11,-0.007237500191981802
2020-02-12,0.004607285669875479
2020-02-13,-0.026967713105729908
2020-02-14,-0.0
2020-02-18,-0.012905256757700139
2020-02-19,0.0017417207902962984
2020-02-20,0.005957905522850358
2020-02-21,-0.007114545771624198
2020-02-26,0.027028184802051117
2020-03-03,-0.0019296318139631966
2020-03-06,-0.027626642161859387
2020-03-09,0.011149875651982638
2020-03-11,-0.023252202802686688
2020-03-13,0.041811414910597096
2020-03-17,0.08694874905134309
2020-03-18,0.012791086127286126
2020-03-19,-0.034534690965379276
2020-03-20,0.0
2020-03-23,0.0
2020-03-24,0.0
2020-03-25,-0.0
2020-03-26,0.0
2020-03-27,-0.0
2020-03-30,-0.0
2020-03-31,0.0
2020-04-01,0.0
2020-04-02,0.0
2020-04-03,-0.0
2020-04-06,0.0
2020-04-07,0.0
2020-04-08,-0.0
2020-04-09,-0.0
2020-04-14,
2020-04-15,-0.0
2020-04-16,0.00483596260087623
2020-04-17,0.028179452559470825
2020-04-20,-0.04730675380005142
2020-04-21,0.029656972143671016
2020-04-24,-0.039704564132589396
2020-04-27,0.016269562042732017
2020-05-14,0.03436300935948461
2020-05-15,-0.01315751134714893
2020-05-18,0.024063347193915896
2020-05-19,-0.0
2020-05-20,-0.0
2020-05-21,-0.0
2020-05-22,0.0
2020-05-26,0.0
2020-05-27,-0.0
2020-05-28,0.0
2020-05-29,-0.0
2020-06-01,0.0
2020-06-02,-0.0
2020-06-03,-0.0
2020-06-04,0.0
2020-06-05,0.0
2020-06-08,0.0
2020-06-09,0.0
2020-06-10,-0.0
2020-06-11,-0.0
2020-06-12,-0.0
2020-06-15,0.0
2020-06-16,-0.0
2020-06-17,0.0
2020-06-19,0.0
2020-07-08,0.0
2020-07-17,0.08523381295405294
2020-07-20,-0.016923691850257955
2020-07-21,0.008436090070727544
2020-07-22,-0.005831096979077469
2020-07-23,0.0135866121717928
2020-07-24,-0.011689994187350946
2020-07-27,-0.022447561195409124
2020-07-28,0.0036072580463193202
2020-07-29,0.007016890611655616
2020-07-30,-0.002534517357899829
2020-07-31,-0.003527476871507739
2020-08-03,0.003678367026025784
2020-08-04,0.006463474997873113
2020-08-05,-0.007244654616443502
2020-08-06,-0.015390578852021379
2020-08-07,0.006906936055550572
2020-08-10,0.024932690051797633
2020-08-11,-0.0037147535986612155
2020-08-12,-0.002044930278812321
2020-08-13,-0.01167881276590532
2020-08-14,0.02463722212376877
2020-08-17,-0.0011832366184133906
2020-08-18,-0.045053328156318004
2020-08-19,0.03084358427452382
2020-08-20,-0.027106127253914085
2020-08-21,0.023918510316524193
2020-08-28,-0.051181089988862914
2020-09-09,
2020-09-11,0.015517961293732329
2020-09-16,0.053540707508887016
2020-09-17,0.006447223707831502
2020-09-18,0.0
2020-09-21,-0.0
2020-09-22,-0.0
2020-09-23,0.0
2020-09-24,-0.0
2020-09-25,-0.0
2020-09-28,0.0
2020-09-29,0.0
2020-09-30,-0.0
2020-10-01,-0.0
2020-10-02,0.0
2020-10-05,-0.0
2020-10-06,-0.0
2020-10-07,0.0
2020-10-08,0.0
2020-10-09,-0.0
2020-10-12,-0.0
2020-10-13,-0.0
2020-10-14,0.0
2020-10-15,-0.0
2020-10-16,0.0
2020-10-19,0.0
2020-10-20,0.0
2020-10-21,0.0
2020-10-22,-0.0
2020-10-23,0.0
2020-10-26,0.0
2020-10-27,-0.0
2020-10-28,-0.0
2020-10-29,-0.0
2020-10-30,-0.0
2020-11-02,-0.0
2020-11-03,0.0
2020-11-04,-0.0
2020-11-05,0.0
2020-11-06,0.0
2020-11-09,0.0
2020-11-10,0.0
2020-11-11,-0.0
2020-11-12,-0.0
2020-11-13,0.0
2020-11-16,0.048254213612513475
2020-12-04,-0.0396225022557397
2020-12-08,-0.0
2020-12-16,0.06488433153764533
2020-12-17,-0.00844216226368839
2020-12-18,0.02014727077184163
2020-12-21,0.0
2020-12-22,-0.0
2020-12-23,0.0
2020-12-24,0.0
2020-12-29,
2020-12-30,0.0
2020-12-31,-0.0
2021-01-04,-0.0
2021-01-05,0.0
2021-01-06,-0.0
2021-01-07,0.0
2021-01-08,0.0
2021-01-11,-0.0
2021-01-12,-0.0
2021-01-13,-0.0
2021-01-14,0.0
2021-01-15,-0.0
2021-01-19,0.0
2021-01-20,-0.0
2021-01-21,0.0
2021-01-22,-0.0
2021-01-25,0.0
2021-01-26,0.0
2021-01-27,-0.0
2021-01-28,0.0
2021-01-29,-0.0
2021-02-01,0.0
2021-02-02,0.0
2021-02-03,-0.0
2021-02-04,0.0
2021-02-05,0.0
2021-02-08,-0.0
2021-02-09,-0.0
2021-02-10,0.0
2021-02-11,-0.0
2021-02-12,-0.0
2021-02-17,-0.0
2021-02-18,0.0
2021-03-04,-0.0
2021-03-10,0.0645693525370324
2021-03-15,-0.0
2021-03-16,-0.0
2021-03-17,0.3675327199365129
2021-03-18,-0.0
2021-03-19,-0.0
2021-03-22,0.0
2021-03-23,-0.0
2021-03-24,-0.0
2021-03-25,0.0
2021-03-26,-0.0
2021-03-29,-0.0
2021-03-30,-0.0
2021-03-31,0.0
2021-04-01,0.0
2021-04-06,
2021-04-07,0.0
2021-04-08,0.0
2021-04-09,0.0
2021-04-12,0.0
2021-04-13,-0.0
2021-04-14,0.0
2021-04-15,-0.0
2021-04-16,-0.0
2021-04-19,0.0
2021-04-20,-0.0
2021-04-21,-0.0
2021-04-22,0.0
2021-04-23,0.0
2021-04-30,-0.0
2021-05-14,-0.0
2021-05-17,-0.0
2021-05-18,0.0
2021-05-19,0.0
2021-05-20,0.0
2021-05-21,-0.0
2021-05-24,-0.0
2021-05-25,0.0
2021-05-26,0.0
2021-05-27,0.0
2021-05-28,-0.0
2021-06-01,0.0
2021-06-02,0.0
2021-06-03,-0.0
2021-06-04,0.0
2021-06-07,-0.0
2021-06-08,0.0
2021-06-09,-0.0
2021-06-10,0.0
2021-06-11,-0.0
2021-06-14,0.0
2021-06-15,-0.0
2021-06-16,-0.0
2021-06-17,-0.0
2021-06-22,0.0
2021-06-23,-0.0
2021-06-24,-0.0
2021-06-25,0.0
2021-07-07,-0.0
2021-07-12,0.0
2021-07-16,0.11246701305232959
2021-07-19,-0.0
2021-07-20,0.0
2021-07-21,-0.0
2021-07-22,0.0
2021-07-23,-0.0
2021-07-26,0.0
2021-07-27,-0.0
2021-07-28,0.0
2021-07-29,-0.0
2021-07-30,-0.0
2021-08-02,0.0
2021-08-03,0.0
2021-08-04,-0.0
2021-08-05,0.0
2021-08-06,-0.0
2021-08-09,-0.0
2021-08-10,0.0
2021-08-11,0.0
2021-08-12,0.0
2021-08-13,0.0
2021-08-16,-0.0
2021-08-17,-0.0
2021-08-18,0.0
2021-08-19,-0.0
2021-08-20,0.0
2021-08-23,-0.0
2021-08-31,-0.0
2021-09-07,0.0
2021-09-16,-0.0
2021-09-17,0.0
2021-09-20,-0.0
2021-09-21,0.0
2021-09-22,0.0
2021-09-23,0.0
2021-09-24,-0.0
2021-09-27,0.0
2021-09-28,-0.0
2021-09-29,0.0
2021-09-30,0.0
2021-10-01,0.0
2021-10-04,0.0
2021-10-05,0.0
2021-10-06,-0.0
2021-10-07,0.0
2021-10-08,-0.0
2021-10-11,-0.0
2021-10-12,0.0
2021-10-13,-0.0
2021-10-14,-0.0
2021-10-15,0.0
2021-10-18,-0.0
2021-10-19,-0.0
2021-10-20,0.0
2021-10-21,0.0
2021-10-22,0.0
2021-10-25,0.0
2021-10-26,0.0
2021-10-27,0.0
2021-10-28,-0.0
2021-10-29,0.0
2021-11-01,0.0
2021-11-02,-0.0
2021-11-03,-0.0
2021-11-04,-0.0
2021-11-05,0.0
2021-11-08,0.0
2021-11-09,0.0
2021-11-10,-0.0
2021-11-11,0.0
2021-11-12,0.0
2021-11-15,-0.0
2021-11-16,0.0
2021-11-17,0.0
2021-11-18,-0.0
2021-11-19,-0.0
2021-11-24,0.0
2021-11-30,-0.0
2021-12-08,0.0
2021-12-13,-0.022379072981064594
2021-12-14,-0.0
2021-12-16,0.09167308973472914
2021-12-17,0.019636396269710317
2021-12-20,-0.0
2021-12-21,0.0
2021-12-22,-0.0
2021-12-23,-0.0
2021-12-28,
2021-12-29,0.0
2021-12-30,0.0
2021-12-31,-0.0
2022-01-04,
2022-01-05,-0.0
2022-01-06,0.0
2022-01-07,0.0
2022-01-10,0.0
2022-01-11,0.0
2022-01-12,-0.0
2022-01-13,0.0
2022-01-14,0.0
2022-01-18,-0.0
2022-01-19,0.0
2022-01-20,-0.0
2022-01-21,-0.0
2022-01-24,-0.0
2022-01-25,0.0
2022-01-26,-0.0
2022-01-27,-0.0
2022-01-28,0.0
2022-01-31,0.0
2022-02-01,0.0
2022-02-02,-0.0
2022-02-03,0.0
2022-02-04,-0.0
2022-02-07,0.0
2022-02-08,0.0
2022-02-09,0.0
2022-02-10,0.0
2022-02-11,-0.0026816100995202896
2022-02-14,0.008717573753764009
2022-02-15,-0.0005916689438955382
2022-02-16,0.008768954138877492
2022-02-17,-0.0037233335161724924
2022-02-18,0.007917835458372612
2022-02-22,-0.017330642226686867
2022-02-23,0.00278279477786016
2022-02-25,-0.010989900296328521
2022-02-28,0.009122670608305163
2022-03-01,0.011476297757899032
2022-03-02,-0.0024209641297813327
2022-03-03,0.0018328663366956625
2022-03-10,-0.0005417324627362344
2022-03-15,0.02508549196363965
2022-03-17,0.0
2022-03-18,-0.0
2022-03-21,0.0
2022-03-22,0.0
2022-03-23,-0.0
2022-03-24,-0.0
2022-03-25,0.0
2022-03-28,-0.0
2022-03-29,0.0
2022-03-30,0.0
2022-03-31,-0.0
2022-04-01,-0.0
2022-04-04,-0.0
2022-04-05,0.0
2022-04-06,-0.0
2022-04-07,-0.0
2022-04-08,-0.0
2022-04-11,0.0
2022-04-12,0.0
2022-04-13,0.0
2022-04-14,-0.0
2022-04-19,
2022-04-20,-0.0
2022-04-21,-0.0
2022-04-22,0.0
2022-04-25,-0.0
2022-04-26,0.0
2022-04-27,-0.009377673202981848
2022-04-28,0.005673622226792895
2022-04-29,-0.03936941976587766
2022-05-04,0.0013338292679882222
2022-05-16,0.01025897678779241
2022-05-17,0.044307961426448224
2022-05-18,0.02759868622198148
2022-05-19,0.0
2022-05-20,-0.0
2022-05-23,0.0
2022-05-24,-0.0
2022-05-25,-0.0
2022-05-26,0.0
2022-05-27,0.0
2022-05-31,-0.0
2022-06-01,-0.0
2022-06-06,
2022-06-07,-0.0
2022-06-08,-0.0
2022-06-09,-0.0
2022-06-10,-0.0
2022-06-13,0.0
2022-06-14,-0.0
2022-06-15,0.0
2022-06-16,0.0
2022-06-17,-0.0
2022-06-21,-0.0
2022-06-22,-0.0
2022-06-23,-0.0
2022-06-24,0.0
2022-06-27,-0.0
2022-07-06,0.0
2022-07-15,0.0
2022-07-18,0.0
2022-07-19,-0.0
2022-07-20,-0.0
2022-07-21,-0.0
2022-07-22,-0.0
2022-07-25,0.0
2022-07-26,-0.0
2022-07-27,-0.0
2022-07-28,-0.0
2022-07-29,0.0
2022-08-01,0.0
2022-08-02,-0.0
2022-08-03,-0.0
2022-08-04,0.0
2022-08-05,-0.0
2022-08-08,0.0
2022-08-09,-0.0
2022-08-10,0.0
2022-08-11,-0.0
2022-08-12,-0.0
2022-08-15,0.0
2022-08-16,0.0
2022-08-17,0.0
2022-08-18,-0.0
2022-08-19,0.0
2022-08-22,0.0
2022-08-23,0.0
2022-08-24,0.0
2022-08-25,0.0
2022-09-02,
2022-09-06,0.0
2022-09-07,-0.0
2022-09-14,0.0
2022-09-16,-0.0
2022-09-20,
2022-09-21,0.0
2022-09-22,0.0
2022-09-23,-0.0
2022-09-26,-0.0
2022-09-27,0.0
2022-09-28,0.0
2022-09-29,0.0
2022-09-30,-0.0
2022-10-03,0.0
2022-10-04,0.0
2022-10-05,-0.0
2022-10-06,0.0
2022-10-07,0.0
2022-10-10,-0.0
2022-10-11,0.0
2022-10-12,0.0
2022-10-13,0.0
2022-10-14,-0.0
2022-10-17,0.0
2022-10-18,-0.0
2022-10-19,-0.012801233397959813
2022-10-20,0.0110712368974235
2022-10-21,-0.009219081468063318
2022-10-24,-0.01291669010045808
2022-10-25,0.012837725894023821
2022-10-26,-0.0019780349513936024
2022-10-27,-0.002629845325515242
2022-10-28,0.006228426865293636
2022-10-31,-0.005223913635945553
2022-11-01,0.016930813689070845
2022-11-02,0.0009090330339263167
2022-11-03,-0.01656779318477359
2022-11-04,0.020852029345922927
2022-11-07,0.019998430828484688
2022-11-08,-0.0
2022-11-09,-0.0
2022-11-10,0.0
2022-11-11,-0.0
2022-11-14,-0.0
2022-11-15,0.0
2022-11-16,-0.0
2022-11-17,-0.0
2022-11-18,-0.009340424901445162
2022-11-21,-0.034272931582924424
2022-11-22,0.0
2022-11-23,0.013125124776948084
2022-11-25,-0.05452233372156071
2022-11-28,0.0
2022-12-02,-0.009012767330079507
2022-12-07,-0.0
2022-12-15,0.06988828864286743
2022-12-16,0.0010164317195314188
2022-12-19,0.008536162650239546
2022-12-20,-0.005845501542874377
2022-12-21,0.0038122729209140362
2022-12-22,0.024255275178716625
2022-12-23,0.0
2022-12-28,
2022-12-29,-0.0
2022-12-30,-0.0
2023-01-03,-0.0
2023-01-04,0.0
2023-01-05,-0.0
2023-01-06,0.0
2023-01-09,0.0
2023-01-10,-0.0
2023-01-11,0.0
2023-01-12,0.0
2023-01-13,-0.0
2023-01-17,0.0
2023-01-18,-0.0
2023-01-19,-0.0
2023-01-20,0.0
2023-01-23,-0.0
2023-01-24,0.0
2023-01-25,-0.0
2023-01-26,-0.0
2023-01-27,-0.0
2023-01-30,-0.0
2023-01-31,-0.0
2023-02-01,0.0
2023-02-02,0.0
2023-02-03,0.0
2023-02-06,0.0
2023-02-07,-0.0
2023-02-08,-0.0
2023-02-09,0.0
2023-02-10,-0.0
2023-02-13,0.0
2023-02-14,0.0
2023-02-15,-0.0
2023-02-16,0.0
2023-02-17,0.0
2023-02-21,0.0
2023-02-22,-0.0
2023-02-23,0.0
2023-02-24,-0.0
2023-03-01,0.0
2023-03-02,-0.0
2023-03-03,0.0
2023-03-08,0.0
2023-03-09,-0.0
2023-03-10,-0.0
2023-03-14,-0.0
2023-03-17,0.0
2023-03-20,0.0
2023-03-21,-0.0
2023-03-22,0.0
2023-03-23,0.0
2023-03-24,-0.0
2023-03-27,0.0
2023-03-28,-0.0
2023-03-29,-0.0
2023-03-30,0.0
2023-03-31,-0.0
2023-04-03,-0.0
2023-04-04,0.0
2023-04-05,-0.0
2023-04-06,-0.0
2023-04-11,
2023-04-12,0.0
2023-04-13,-0.0
2023-04-14,-0.0
2023-04-17,0.0
2023-04-18,0.0
2023-04-19,0.0
2023-04-20,0.0
2023-04-21,0.0
2023-04-24,-0.006701575585728569
2023-04-25,0.018795199460914597
2023-04-26,-0.02968077646743137
2023-04-27,0.006101972420379215
2023-04-28,-0.0056393644912938225
2023-05-02,
2023-05-03,-0.001764411931639332
2023-05-09,
2023-05-10,-0.002691341588053177
2023-05-11,0.024016088691260186
2023-05-12,0.03526148647488117
2023-05-16,0.043004638386380585
2023-05-17,0.0
2023-05-18,-0.0
2023-05-19,0.0
2023-05-22,-0.0
2023-05-23,0.0
2023-05-24,0.0
2023-05-25,-0.0
2023-05-26,0.0
2023-05-30,0.0
2023-05-31,-0.0
2023-06-01,0.0
2023-06-02,-0.0
2023-06-05,0.0
2023-06-06,-0.0
2023-06-07,0.0
2023-06-08,0.0
2023-06-09,-0.0
2023-06-12,-0.0
2023-06-13,-0.0
2023-06-14,-0.0
2023-06-15,-0.0
2023-06-16,-0.00479165132461821
2023-06-20,-0.012999605980314466
2023-06-21,0.005708184894202363
2023-06-22,-0.008167442604585625
2023-06-23,0.0008086720008293107
2023-06-26,0.01134065056821347
2023-06-27,-0.0051511476273535355
2023-06-28,-0.0012516479842047297
2023-06-29,0.014158404208731552
2023-06-30,-0.0035577521126180824
2023-07-03,-0.05663172305796949
2023-07-05,0.0
2023-07-07,-0.010083021639896923
2023-07-10,0.005498321974351408
2023-07-12,0.04717132560176593
2023-07-13,0.03060793960274992
2023-07-17,0.0
2023-07-18,0.0
2023-07-19,-0.0
2023-07-20,0.0
2023-07-21,0.0
2023-07-24,0.0
2023-07-25,0.0
2023-07-26,0.0
2023-07-27,-0.0
2023-07-28,0.0
2023-07-31,-0.0
2023-08-01,0.0
2023-08-02,0.0
2023-08-03,0.0
2023-08-04,0.0
2023-08-07,-0.0
2023-08-08,-0.0
2023-08-09,-0.0
2023-08-10,-0.0
2023-08-11,0.0
2023-08-14,-0.0
2023-08-15,0.0
2023-08-16,0.0
2023-08-17,0.0
2023-08-18,-0.0
2023-08-21,0.0
2023-08-22,-0.0
2023-08-23,-0.004254768199282236
2023-08-24,-0.0026101431920756337
2023-08-25,0.021074524909427746
2023-08-29,
2023-08-30,-0.007843725273675686
2023-08-31,0.0008573192795577212
2023-09-01,-0.001522968002499894
2023-09-05,-0.0007888274086322788
2023-09-07,0.000788507633769849
2023-09-08,-0.014988078624264975
2023-09-11,0.005917612610270273
2023-09-12,0.052357062735779065
2023-09-13,0.0
2023-09-15,-0.0
2023-09-18,-0.0
2023-09-19,-0.0
2023-09-20,0.0
2023-09-21,0.0
2023-09-22,-0.0
2023-09-25,-0.0
2023-09-26,-0.007698755723504456
2023-09-27,0.005017187984653133
2023-09-28,-0.0027395586688605507
2023-09-29,-0.005573197426954776
2023-10-02,-0.0024096741979260164
2023-10-03,0.0055752346371657005
2023-10-04,0.002576701200193982
2023-10-05,-0.007244578570652732
2023-10-06,0.0038347486620747898
2023-10-09,-0.005695212914769996
2023-10-10,0.0008816704594806751
2023-10-11,-0.004808527673814698
2023-10-12,-0.017328351614039776
2023-10-13,0.0024083105330995097
2023-10-16,0.00492462363640335
2023-10-17,0.005604493426500264
2023-10-18,0.0019284562303094922
2023-10-19,-0.005944801017341374
2023-10-20,0.006489199208306163
2023-10-23,-0.002143856618919849
2023-10-24,-0.0037166851727988117
2023-10-25,0.0004925209032972937
2023-10-26,0.013181349945922329
2023-10-27,-0.0014096084485925933
2023-10-30,-0.005013482528962869
2023-10-31,-0.00354444526664658
2023-11-01,0.005417823997870467
2023-11-02,0.0032089116065961328
2023-11-03,0.010443010070523381
2023-11-06,-0.0011613611099751033
2023-11-07,-0.014784242927866864
2023-11-08,0.006291889098581637
2023-11-09,-0.010983691976134687
2023-11-10,0.006007812153334795
2023-11-13,-0.0001101857618057301
2023-11-14,-0.01215308936923356
2023-11-15,-0.014196539336594507
2023-11-16,0.008076408559385271
2023-11-17,0.012099674370964032
2023-11-20,0.014904239454758182
2023-11-21,0.03784716417865189
2023-11-22,-0.0
2023-11-24,0.0
2023-11-27,-0.0
2023-11-28,0.0
2023-11-29,-0.0
2023-11-30,0.0
2023-12-01,0.0
2023-12-04,-0.0
2023-12-05,0.0
2023-12-06,0.0
2023-12-07,-0.0
2023-12-11,0.0
2023-12-12,0.0
2023-12-14,-0.0
2023-12-15,-0.0
2023-12-18,0.0
2023-12-19,0.0
2023-12-20,-0.0
2023-12-21,0.0
2023-12-22,0.0
2023-12-27,
2023-12-28,-0.0
2023-12-29,0.0
2024-01-02,0.0
2024-01-03,0.0
2024-01-04,0.0
2024-01-05,0.0
2024-01-08,0.0
2024-01-09,-0.0
2024-01-10,0.0
2024-01-11,-0.0
2024-01-12,-0.0
2024-01-16,0.0
2024-01-17,0.0
2024-01-18,0.0
2024-01-19,0.0
2024-01-22,0.0
2024-01-23,0.0
2024-01-24,0.0
2024-01-25,-0.0
2024-01-26,0.0
2024-01-29,0.0
2024-01-30,-0.0
2024-01-31,-0.0
2024-02-01,0.0
2024-02-02,-0.0
2024-02-05,0.0
2024-02-06,-0.0
2024-02-07,0.0
2024-02-08,0.0
2024-02-09,-0.0
2024-02-12,-0.0
2024-02-13,0.0
2024-02-14,0.0
2024-02-15,0.0
2024-02-16,-0.0
2024-02-20,0.0
2024-02-21,-0.0
2024-02-22,-0.0
2024-02-23,0.0
2024-02-26,-0.0
2024-02-27,-0.0
2024-02-28,0.0006663225379046098
2024-02-29,-0.002263819102306653
2024-03-01,0.04078236375001227
2024-03-05,0.0
2024-03-07,0.0
2024-03-08,0.0
2024-03-12,0.0
2024-03-14,0.05459670979254702
2024-03-15,0.0
2024-03-18,0.018447267462360546
2024-03-19,-0.0
2024-03-20,0.0
2024-03-21,-0.0
2024-03-22,0.0
2024-03-25,0.0
2024-03-26,-0.0
2024-03-27,0.0
2024-03-28,-0.0
2024-04-02,
2024-04-03,0.0
2024-04-04,0.0
2024-04-05,-0.006500904855535037
2024-04-08,0.0447530651984412
2024-04-09,0.0
2024-04-10,-0.003405518908272825
2024-04-11,0.006846857720759294
2024-04-12,0.0064856750864400806
2024-04-15,-0.000594076826987585
2024-04-16,0.03244234938981776
2024-04-17,0.0
2024-04-18,-0.0
2024-04-19,0.0
2024-04-22,0.08153188655729103
2024-04-23,-0.007478180475367545
2024-04-24,-0.061468798153721214
2024-04-25,0.05330150326442741
2024-04-26,-0.02896779581539674
2024-04-29,0.0
2024-04-30,0.02813518911278445
2024-05-01,-0.0
2024-05-02,0.0
2024-05-03,-0.0
2024-05-14,
2024-05-16,0.22464677454011697
2024-05-17,0.0
2024-05-20,0.0
2024-05-21,-0.0
2024-05-22,-0.0
2024-05-23,0.0
2024-05-24,-0.0
2024-05-28,0.0
2024-05-29,0.0
2024-05-30,0.0
2024-05-31,-0.006915483951316442
2024-06-03,0.011525666466410414
2024-06-04,0.007149762837166589
2024-06-05,-0.032372171580821715
2024-06-06,0.003562849347322379
2024-06-07,0.0066164563183274475
2024-06-10,0.03909625997741563
2024-06-11,0.0
2024-06-12,0.001265591412143201
2024-06-13,0.04793793520139074
2024-06-14,0.00965576361239849
2024-06-17,-0.0010520403719118665
2024-06-18,-0.010802747432449725
2024-06-20,0.01494809271256485
2024-06-21,0.0994623359158576
2024-06-24,-0.0
2024-06-25,-0.010474181256798144
2024-06-26,-0.0
2024-06-27,0.05911152023743891
2024-06-28,-0.0
2024-07-01,-0.011793191361896764
2024-07-02,-0.0
2024-07-05,0.06291061562280266
2024-07-08,0.022627894421164797
2024-07-09,0.049086451646953085
2024-07-11,-0.03176777476616793
2024-07-15,-0.0732978937386666
2024-07-17,0.0
2024-07-18,-0.0
2024-07-19,-0.0
2024-07-22,-0.0
2024-07-23,0.0
2024-07-24,0.0
2024-07-25,-0.0
2024-07-26,0.0
2024-07-29,-0.0
2024-07-30,0.0
2024-07-31,0.0
2024-08-01,-0.0
2024-08-02,0.0
2024-08-05,0.0
2024-08-06,-0.0009080993132464699
2024-08-07,-0.05928551050788575
2024-08-08,0.006534463390728391
2024-08-09,-0.02296513699933287
2024-08-12,-0.0023964260898982973
2024-08-13,-0.010177662185273125
2024-08-14,0.014612792075807065
2024-08-15,0.02894978402610349
2024-08-16,-0.03903049804861667
2024-08-19,-0.027337010045080132
2024-08-20,-0.024989551748967206
2024-08-21,0.0
2024-08-22,-0.013041318883516674
2024-08-23,0.0
2024-08-27,
2024-08-28,-0.0
2024-08-29,-0.026179715076744763
2024-08-30,-0.0
2024-09-03,-0.09407204150912424
2024-09-04,0.0
2024-09-05,0.04073973584098662
2024-09-10,0.0
2024-09-11,0.01307192035866225
2024-09-12,-0.0
2024-09-13,0.011791417802927893
2024-09-16,-0.0
2024-09-17,-0.0
2024-09-18,0.0
2024-09-19,0.0
2024-09-20,-0.0
2024-09-23,0.0
2024-09-24,0.0
2024-09-25,-0.0
2024-09-26,0.0
2024-09-27,-0.0
2024-09-30,-0.0
2024-10-01,-0.0
2024-10-02,0.0
2024-10-03,0.0
2024-10-04,-0.0
2024-10-07,0.0
2024-10-08,0.0
2024-10-09,-0.0
2024-10-10,-0.0
2024-10-11,0.0
2024-10-14,-0.0
2024-10-15,0.0
2024-10-16,-0.0
2024-10-17,-0.0
2024-10-18,0.0
2024-10-21,-0.0
2024-10-22,0.0
2024-10-23,-0.0
2024-10-24,0.0
2024-10-25,-0.0
2024-10-28,-0.0
2024-10-29,-0.0
2024-10-30,0.0
2024-10-31,0.0
2024-11-01,-0.0
2024-11-04,0.0
2024-11-05,0.0
2024-11-06,-0.0
2024-11-07,0.0
2024-11-08,-0.0
2024-11-11,0.0
2024-11-12,0.0
2024-11-13,-0.0
2024-11-14,0.0
2024-11-15,-0.0
2024-11-18,-0.0
2024-11-19,-0.0
2024-11-20,-0.0
2024-11-21,0.0
2024-11-22,-0.0
2024-11-25,0.0
2024-11-26,-0.0
2024-12-06,0.0
2024-12-10,0.0
2024-12-11,0.0
2024-12-16,0.0
2024-12-17,0.0
2024-12-18,-0.0
2024-12-19,-0.0
2024-12-20,0.0
2024-12-23,-0.0
2024-12-24,0.0
2024-12-27,
2024-12-30,0.0
2024-12-31,0.0
2025-01-02,-0.0
2025-01-03,0.0
2025-01-06,-0.0
2025-01-07,-0.0
2025-01-08,0.0
2025-01-09,-0.0
2025-01-10,-0.0
2025-01-13,0.0
2025-01-14,-0.0
2025-01-15,0.0
2025-01-16,-0.0
2025-01-17,0.0
2025-01-21,-0.0
2025-01-22,0.0
2025-01-23,0.0
2025-01-24,0.0
2025-01-27,-0.0
2025-01-28,-0.0
2025-01-29,0.0
2025-01-30,-0.0
2025-01-31,0.0
2025-02-03,0.0
2025-02-04,-0.0
2025-02-05,-0.0
2025-02-06,-0.0
2025-02-07,0.0
2025-02-10,0.0
2025-02-11,0.0
2025-02-12,-0.0
2025-02-13,0.0
2025-02-14,-0.0
2025-02-18,0.0
2025-02-19,-0.0
2025-02-20,0.0
2025-02-21,-0.0
2025-02-24,0.0
2025-02-27,-0.0
2025-02-28,0.0
2025-03-13,0.0
2025-03-17,-0.0
2025-03-18,0.0
2025-03-19,-0.0
2025-03-20,-0.0
2025-03-21,-0.0
2025-03-24,-0.0
2025-03-25,0.0
2025-03-26,-0.0
2025-03-27,0.0
2025-03-28,-0.0
2025-03-31,0.0
2025-04-01,0.0
2025-04-02,0.0
2025-04-03,0.0
2025-04-04,-0.0
2025-04-07,0.0
2025-04-08,0.0
2025-04-09,0.0
2025-04-10,-0.0
2025-04-11,-0.0
2025-04-14,0.0
2025-04-15,-0.0
2025-04-16,-0.0
2025-04-17,-0.0
2025-04-22,
2025-04-23,0.0
2025-04-24,0.0
2025-04-28,-0.0
2025-04-29,-0.0
2025-05-06,-0.0
2025-05-07,-0.0
2025-05-12,0.0
2025-05-13,-0.0
2025-05-15,0.0
2025-05-16,-0.0
2025-05-19,0.0
2025-05-20,-0.0
2025-05-21,-0.0
2025-05-22,0.0
2025-05-23,0.0
2025-05-27,-0.0
2025-05-28,-0.0
2025-05-29,-0.0
2025-05-30,0.0
2025-06-02,0.0
2025-06-03,0.0
2025-06-04,-0.0
2025-06-05,0.0
2025-06-06,-0.0
2025-06-09,0.0
2025-06-10,-0.0
2025-06-11,0.0
2025-06-12,0.0
2025-06-13,0.0
2025-06-16,0.0
2025-06-17,-0.0
2025-06-18,0.0
2025-06-20,-0.0
2025-06-23,-0.0
2025-06-24,0.0
2025-06-25,-0.0
2025-06-26,-0.0
2025-07-01,0.0
2025-07-02,0.0
2025-07-09,0.0
2025-07-17,0.06504801107829612
